Brand,Nama Produk,Harga Coret,Harga Diskon,Jumlah Terjual
Mie Sedaap,Sedaap Mie Instan Goreng Isi 5 Bag 90g x2,Rp 37.200,Rp 49.100,10 rb Terjual
Mie Sedaap,Sedaap Mie Instan Goreng Bag 91g 1 Dus Isi 40 pcs,Rp 151.200,Rp 177.900,7 rb Terjual
Mie Sedaap,Sedaap Mie Instan 16 pcs Mix Flavors Korean Series & Singapore Laksa,Rp 57.900,Rp 73.700,1 rb Terjual
Mie Sedaap,Sedaap Mie Instan Singapore Spicy Laksa 83 gr x 12 pcs,Rp 43.000,Rp 55.800,2 rb Terjual
Mie Sedaap,Sedaap Mie Instan Singapore Spicy Laksa 83 Gr x 15 Pcs,Rp 53.100,Rp 68.000,10 rb Terjual
Mie Sedaap,Sedaap Mie Instan Korean Spicy Chicken x 10 pcs,Rp 42.100,Rp 49.800,9 rb Terjual
Mie Sedaap,Sedaap Mie Instan Goreng Ala Chef Bag 93gr x10,Rp 38.100,Rp 49.800,2 rb Terjual
Mie Sedaap,Sedaap Cup Mie Instan Mix Variant (12 Pcs),Rp 62.900,Rp 83.900,1 rb Terjual
Mie Sedaap,Sedaap Mie Instan Goreng Isi 5 Bag 90g,Rp 19.900,Rp 28.100,50 rb Terjual
Mie Sedaap,Sedaap Mie Instan Ayam Bawang 70 gr x 20 pcs,Rp 69.900,Rp 88.400,5 rb Terjual
Mie Sedaap,Sedap Mie Instan 1 dus All varian ( Dus/Karton ) Food Kuah Noodles Goreng,Rp 135.000,Rp 145.000,1 rb Terjual
Mie Sedaap,Sedaap Mie Instan Soto 75 gr x 12 pcs,Rp 47.800,Rp 55.800,1 rb Terjual
Mie Sedaap,SEDAAP Mie Instan Kari Kental Spesial Bag 76 g x12,Rp 43.000,Rp 55.800,1 rb Terjual
Mie Sedaap,Sedaap Mie Instan Soto Isi 5 Bag 75g x3,Rp 51.900,Rp 66.900,1 rb Terjual
Mie Sedaap,Sedaap Mie Instan Goreng Bag 91g x12,Rp 50.000,Rp 58.300,6 rb Terjual
Mie Sedaap,Sedaap Cup Mie Instan Kari Spesial 81 gr x 12 pcs(Box),Rp 61.200,Rp 82.100,100+ Terjual
Mie Sedaap,Mie Sedaap Goreng 90 gr 1 dus isi 40 pcs + bube wrep,N/A,Rp 115.000,80+ Terjual
Mie Sedaap,(Paket 2 Bungkus) Sedaap Goreng isi 5x90gr Instan Makanan Noodles Food Pedas,Rp 39.600,Rp 40.000,500+ Terjual
Mie Sedaap,Sedaap Mie Instan Baso Spesial 77 gr Dus (Isi 40 pcs),Rp 142.400,Rp 169.800,2 rb Terjual
Mie Sedaap,Sedaap Mie instan Ayam Spesial 69 gr Dus (Isi 40 pcs),Rp 140.700,Rp 156.200,3 rb Terjual
Mie Sedaap,(1 DUS) SEDAAP MIE INSTAN ALL VARIAN ISI 40 PCS,Rp 130.600,Rp 130.700,4 rb Terjual
Mie Sedaap,Sedaap Mie Instan Kari Kental Spesial 75 gr (Isi 40 pcs),Rp 142.400,Rp 169.800,4 rb Terjual
Mie Sedaap,Sedaap Mie Instan 8 pcs Mix Flavors Korean Series & Singapore Laksa,Rp 30.300,Rp 40.400,1 rb Terjual
Mie Sedaap,Sedaap Mie Instan Baso Spesial 77 gr x 5 pcs,Rp 19.400,Rp 27.300,8 rb Terjual
Mie Sedaap,Sedaap Mie Cup Singapore Spicy Laksa 86gr x6,Rp 31.900,Rp 44.600,3 rb Terjual
Mie Sedaap,Sedaap Mie Instan Korean Spicy Chicken 87gr x 12 pcs,Rp 50.000,Rp 58.300,1 rb Terjual
Mie Sedaap,"sedap , mie sedap dos , mie sedap original, mie goreng sedap , kering Noodles Food",N/A,Rp 113.500,40+ Terjual
Mie Sedaap,Sedaap Mie Instan Goreng Salero Padang 86 gr x 10 pcs,Rp 38.100,Rp 49.800,100+ Terjual
Mie Sedaap,1 Dus Mie Sedaap Kuah Dan Goreng All Varian Isi 40pcs,N/A,Rp 119.500,250+ Terjual
Mie Sedaap,Sedaap Mie Instan Soto 75 gr 1 Dus isi 40 pcs,Rp 142.400,Rp 169.800,7 rb Terjual
Mie Sedaap,Sedaap Mie Instan Ayam Bawang 70 gr x 5 pcs,Rp 19.400,Rp 27.300,10 rb Terjual
Mie Sedaap,Sedaap Mie Instan Goreng Ala Chef Bag 93gr x20,Rp 73.700,Rp 92.400,500+ Terjual
Mie Sedaap,Sedaap Mie Instan 24 pcs Mix Flavors Korean Series & Singapore Laksa,Rp 85.600,Rp 107.100,500+ Terjual
Mie Sedaap,Sedaap Mie Instan Soto Madura 82 gr x 20 pcs,Rp 69.900,Rp 88.400,1 rb Terjual
Mie Sedaap,SEDAAP Mie Instan 1 Dus isi 40 Pcs Merek Terkemuka Tekstur Kenyal Bumbu Sedap Varian Rasa Goreng Krispy Soto Kari,N/A,Rp 134.000,2 rb Terjual
Mie Sedaap,mie sedap goreng 1 kardus | 1dus | 40pcs,N/A,Rp 111.700,5 Terjual
Mie Sedaap,Sedaap Mie Instan Baso Spesial 77 gr x 20 pcs,Rp 69.900,Rp 88.400,4 rb Terjual
Mie Sedaap,Sedaap Mie Instan Ayam Bawang Bag 70g x6,Rp 22.800,Rp 31.400,2 rb Terjual
Mie Sedaap,Sedaap Mie Instan Korean Spicy Chicken 87 gr x 5 pcs,Rp 22.400,Rp 28.400,9 rb Terjual
Mie Sedaap,Sedaap Mie Instan Korean Spicy Chicken 87 gr 1 Dus (Isi 40 pcs),Rp 151.200,Rp 177.900,5 rb Terjual
Mie Sedaap,MIE SEDAAP 1 DUS ISI 40 BISA CAMPUR,N/A,Rp 145.000,1 rb Terjual
Mie Sedaap,Sedaap Mie Instan Kari Ayam 72 gr Dus (Isi 40 pcs),Rp 142.400,Rp 169.800,2 rb Terjual
Mie Sedaap,Sedaap Mie Instant Goreng Ala Chef Bag 93 gr x 5 pcs,Rp 20.400,Rp 28.400,1 rb Terjual
Mie Sedaap,SEDAAP Mie Instan Kari Kental Spesial Bag 76 g x20,Rp 69.900,Rp 88.400,4 rb Terjual
Mie Sedaap,Mie Sedaap Instant Goreng Dan Kuah 40 Pcs Makanan Instan Lezat dan Praktis,N/A,Rp 140.000,750+ Terjual
Mie Sedaap,Sedaap Mie Instan Soto Bag x 5 pcs,Rp 19.000,Rp 27.000,50 rb Terjual
Mie Sedaap,mie sedap instant rasa soto. jelas terasa sedapnya....,N/A,Rp 114.000,3 Terjual
Mie Sedaap,Sedaap Mie Instan Singapore Spicy Laksa 83g x3,Rp 12.700,Rp 19.300,4 rb Terjual
Mie Sedaap,Sedaap Mie Instan Cup Soto 81g x6,Rp 31.900,Rp 44.600,2 rb Terjual
Mie Sedaap,Sedaap SEDAP GORENG PAKET 1 DUS 40 PCS MIE INSTAN  ISI 40 PCS dalam Setiap Dus Food Noodles,Rp 141.499,Rp 141.500,2 rb Terjual
Mie Sedaap,Sedaap Mie Instan Cup Kari Mercon Cabe Rawit Asli 75g x12,Rp 61.200,Rp 82.100,250+ Terjual
Mie Sedaap,Sedaap Mie Instan Goreng Korean Cheese Buldak 86gr (Isi 40 pcs),Rp 151.200,Rp 177.900,500+ Terjual
Mie Sedaap,Mie Instan Sedaap Goreng 90 gram isi 10 pcs,N/A,Rp 45.800,11 Terjual
Mie Sedaap,Mie Instant Sedaap Goreng isi 40 pcs/kotak,N/A,Rp 145.000,40+ Terjual
Mie Sedaap,(1 DUS = 6/12 CUP) SEDAAP Mie Instant CUP DUSAN,N/A,Rp 64.500,6 rb Terjual
Mie Sedaap,Sedaap Mie Instan Soto Isi 5 Bag 75g x2,Rp 35.500,Rp 47.000,4 rb Terjual
Mie Sedaap,Sedaap Mie Instan Goreng Korean Cheese Buldak 86gr x 10,Rp 38.100,Rp 49.800,2 rb Terjual
Mie Sedaap,Sedaap Mie Instan Soto Bag 75g x6,Rp 25.200,Rp 31.400,2 rb Terjual
Mie Sedaap,Mie Sedaap Instan | Murah Meriah,N/A,Rp 120.000,8 Terjual
Mie Sedaap,Sedaap Mie Instan Ayam Bawang 70 gr 1 Dus isi 40 pcs,Rp 142.400,Rp 169.800,3 rb Terjual
Mie Sedaap,10 Bungkus Mie Sedaap Goreng 90gr - Instan Food Mie Murah - Mie Goreng - Noodles,N/A,Rp 40.500,12 Terjual
Mie Sedaap,(10/5 PCS) Sedaap Mie Instant All Varian PAKET HEMAT Noodle Food Goreng,N/A,Rp 21.500,3 rb Terjual
Mie Sedaap,Sedaap Mie Instan Korean Cheese Buldak 86g x6,Rp 23.900,Rp 32.700,1 rb Terjual
Mie Sedaap,SEDAAP MIE GORENG 90 GR KARTON,Rp 106.990,Rp 132.560,6 Terjual
Mie Sedaap,Sedaap Mie Goreng & Soto Pack isi5pcs 1dus isi 8pack,N/A,Rp 128.600,60+ Terjual
Mie Sedaap,Sedaap Mie Instan Cup Goreng 81g x 12 pcs,Rp 64.600,Rp 85.700,1 rb Terjual
Mie Sedaap,Sedaap Mie Instan Korean Spicy Chicken 87 gr x 20 pcs,Rp 81.700,Rp 92.400,4 rb Terjual
Mie Sedaap,Sedaap Mie Instan Ayam Krispi 84 gr x5,Rp 20.400,Rp 28.400,6 rb Terjual
Mie Sedaap,Sedaap Mie Instan Goreng Bag 91g x3,Rp 14.500,Rp 19.800,4 rb Terjual
Mie Sedaap,Sedaap Mie Instan Soto Madura 82 gr x 10 pcs,Rp 36.200,Rp 47.700,2 rb Terjual
Mie Sedaap,10 pcs Mie Sedaap Goreng Instant Termurah - Mie Goreng,N/A,Rp 33.000,3 Terjual
Mie Sedaap,Sedaap Cup Mie Instan Kari Mercon Cabe Rawit Asli 75 gr x9,Rp 46.600,Rp 63.300,100+ Terjual
Mie Sedaap,Mie Sedaap Bag All Varian Rasa Paket 3 5 10Pcs Lebih Hemat,Rp 12.416,Rp 12.800,10 rb Terjual
Mie Sedaap,mie sedap 1 dus isi 40 pcs,N/A,Rp 139.000,6 rb Terjual
Mie Sedaap,Mie Sedaap White Curry / 1 Dus / 40 pcs,N/A,Rp 125.000,1 Terjual
Mie Sedaap,SEDAAP MI GORENG ISI 5BKS @ 90G,N/A,Rp 16.300,1 rb Terjual
Mie Sedaap,Sedap Mie Ayam Bawang Paket isi 10pcs,N/A,Rp 33.180,100+ Terjual
Mie Sedaap,Sedaap Mie Instan Korean Spicy Chicken Bag 87g x3,Rp 14.500,Rp 19.800,3 rb Terjual
Mie Sedaap,mie sedaap goreng 10 bungkus,N/A,Rp 40.200,250+ Terjual
Mie Sedaap,Sedaap Mie Instan Korean Spicy Chicken Bag 87g x6,Rp 26.300,Rp 32.700,3 rb Terjual
Mie Sedaap,SEDAAP MI GORENG ISI 5BKS @ 90 GR KARTON,N/A,Rp 130.300,15 Terjual
Mie Sedaap,Sedaap Mie Instan Soto Bag 75g x3,Rp 13.900,Rp 19.300,3 rb Terjual
Mie Sedaap,SEDAAP Mie Instan Kari Kental Spesial Bag 76 g x6,Rp 22.800,Rp 31.400,2 rb Terjual
Mie Sedaap,Mie Sedaap Laksa Singapore / 1 Dus / 40 pcs,N/A,Rp 125.000,2 Terjual
Mie Sedaap,SEDAAP Mie Goreng & Kuah (1dus) Varian Lengkap Food Noodles Instan,N/A,Rp 131.000,100+ Terjual
Mie Sedaap,Sedaap Mie Instan Ayam Bakar Limau 89 gr x 15 pcs,Rp 55.900,Rp 71.100,3 rb Terjual
Mie Sedaap,SEDAAP MI KUAH RASA SOTO ISI 5BKS @75G,N/A,Rp 15.500,100+ Terjual
Mie Sedaap,Sedaap Mie Instan Cup Bakso Spesial 77g x6,Rp 31.900,Rp 44.600,2 rb Terjual
Mie Sedaap,Sedaap Tasty Mie Instan Beef Yakiniku 115 gr x 12 pcs,Rp 79.000,Rp 98.900,1 rb Terjual
Mie Sedaap,Sedaap Mie Instan Cup Goreng 81g x6,Rp 33.600,Rp 46.400,4 rb Terjual
Mie Sedaap,Mie Sedaap Korean Spicy Chicken 1 Dus,N/A,Rp 133.000,14 Terjual
Mie Sedaap,Sedaap Baked Mie Instant Goreng 87g x6,Rp 20.400,Rp 28.600,2 rb Terjual
Mie Sedaap,MIE SEDAAP GORENG ISI 5 PCS,N/A,Rp 18.900,100+ Terjual
Mie Sedaap,SEDAAP MI KUAH RASA SOTO ISI 5BKS @75 GR KARTON,N/A,Rp 114.650,50+ Terjual
Mie Sedaap,SEDAAP MIE SOTO 75 GR KARTON,N/A,Rp 123.100,6 Terjual
Mie Sedaap,SEDAAP GORENG/KUAH LEZAT BERKUALITAS,N/A,Rp 4.000,60+ Terjual
Mie Sedaap,mie sedap soto 1 kardus | 1 dus | 40pcs,N/A,Rp 110.000,10 Terjual
Mie Sedaap,Sedaap Mie Instan Ayam Krispi 84 gr x20,Rp 73.700,Rp 92.400,2 rb Terjual
Mie Sedaap,Sedaap Mie Instan Sedaap All Variant 1 DUS 40 PCS Mie Sedap Karton All Varian untuk Berbagai Rasa noodles,Rp 146.510,Rp 149.500,13 Terjual
Mie Sedaap,1 Dus Mie Sedaap Ramen Yes Mie Kuah Ramen hakata Chicken isi 60 pcs,N/A,Rp 169.100,13 Terjual
Mie Sedaap,Sedaap Mie Instan Kari Kental Spesial 75 gr 1 Dus isi 40 pcs,N/A,Rp 125.000,100+ Terjual
Mie Sedaap,mie sedap sigapure spisy laksa Food Noodles,N/A,Rp 115.000,N/A
Mie Sedaap,MIE INSTAN SEDAP MIE SEDAAP KUAH/GORENG 1 Dus bisa mix Food Noodles,N/A,Rp 139.200,6 rb Terjual
Mie Sedaap,SEDAP- MIE INSTAN GORENG 75 G 1 DUS 40 PCS,Rp 140.580,Rp 142.000,7 Terjual
Mie Sedaap,10 BUNGKUS MIE SEDAAP KUAH GORENG ALL VARIAN Food,N/A,Rp 38.000,1 rb Terjual
Mie Sedaap,mie sedap goreng (duz) Noodles,N/A,Rp 113.950,N/A
Mie Sedaap,Sedaap Mie Instan Goreng Ala Chef Bag 93gr x6,Rp 23.900,Rp 32.700,2 rb Terjual
Mie Sedaap,Sedaap Mie Instan Ayam Bakar Limau 89 gr x 5 pcs,Rp 20.400,Rp 28.400,10 rb Terjual
Mie Sedaap,Mie Sedaap Goreng Food Noodles Instan,N/A,Rp 117.000,13 Terjual
Mie Sedaap,Sedaap Mie Instan Cup Baso Bleduk 77g x6,Rp 31.900,Rp 44.600,4 rb Terjual
Mie Sedaap,mie sedaaap goreng 1 dus 40pcs,N/A,Rp 138.000,80+ Terjual
Mie Sedaap,Sedaap Mie Instan Korean Cheese Buldak 86g x3,Rp 13.300,Rp 19.800,1 rb Terjual
Mie Sedaap,mie goreng sedap karton lezat dan nikmat,N/A,Rp 120.000,2 Terjual
Mie Sedaap,Sedaap Mie Instan Ayam Bawang Bag 70g x3,Rp 12.700,Rp 19.300,1 rb Terjual
Mie Sedaap,mie sedap sedaap goreng kuah all varian 1 karton,N/A,Rp 147.000,750+ Terjual
Mie Sedaap,Mie Sedaap Kuah & Goreng Semua Rasa,N/A,Rp 3.850,250+ Terjual
Mie Sedaap,Sedaap Kari Spesial 1 dus isi 40pcs,N/A,Rp 121.000,30+ Terjual
Mie Sedaap,Mie Instan Sedaap - Makanan Cepat Saji dengan Rasa Lezat dan Berkualitas - Food,N/A,Rp 3.000,50+ Terjual
Mie Sedaap,Sedaap Mie Instan Kari Ayam 72 gr x 20 pcs,Rp 69.900,Rp 88.400,3 rb Terjual
Mie Sedaap,[LS] Sedaap Mie Instan isi 40 pcs,Rp 151.200,Rp 177.900,250+ Terjual
Mie Sedaap,Mie Sedaap Cup (PAKET ISI 6),N/A,Rp 35.900,1 rb Terjual
Mie Sedaap,Mie Instant Sedap Sedaap Goreng 1 dus isi 40 pcs Noodles,N/A,Rp 149.000,50+ Terjual
Mie Sedaap,Sedaap Mie Instan Cup Kari Spesial 81g x 12 pcs,Rp 61.200,Rp 82.100,750+ Terjual
Mie Sedaap,Sedaap Mie Instan 3 Dus (120 pcs) FREE Top Coffee + Kecap Sedaap 3 pcs,Rp 422.000,Rp 495.200,30+ Terjual
Mie Sedaap,Sedaap Mie Instan Soto Madura 82 gr x 5 pcs,Rp 19.400,Rp 27.300,5 rb Terjual
Mie Sedaap,Sedaap Mie Instan Cup Kari Spesial 81g x6,Rp 31.900,Rp 44.600,1 rb Terjual
Mie Sedaap,Sedaap Mie Instan Singapore Spicy Laksa 83 gr 1 Dus isi 40 pcs,Rp 142.400,Rp 169.800,2 rb Terjual
Mie Sedaap,Sedaap Baked Mie Instan Goreng 87 gr x 48 pcs,Rp 145.400,Rp 180.000,100+ Terjual
Mie Sedaap,Sedaap Mie Instan Cup Kari Mercon Cabe Rawit Asli 75g x6,Rp 31.900,Rp 44.600,750+ Terjual
Mie Sedaap,mie sedap soto ( min 5 pcs) harga spesial,N/A,Rp 14.000,N/A
Mie Sedaap,Sedaap Mie Kuah 1dus isi 40pcs,N/A,Rp 134.000,29 Terjual
Mie Sedaap,MIE INSTAN SEDAP MIE SEDAAP KUAH/GORENG 1 KARTON 40pcs BISA MIX,N/A,Rp 142.500,2 rb Terjual
Mie Sedaap,Sedaap Mie SEDAP KUAH SOTO dan SEDAP KUAH AYAM BAWANG Rasa Lezat dan Kualitas Terbaik untuk Porsi Anda,N/A,Rp 115.000,40+ Terjual
Mie Sedaap,10 PCS MIE SEDAP GORENG RASA ORIGINAL 91 GRAM,N/A,Rp 36.999,250+ Terjual
Mie Sedaap,Sedaap Mie Instant 1 dus (40pcs),N/A,Rp 138.900,100+ Terjual
Mie Sedaap,Sedaap Mie Instan Cup Goreng 81g x 3 pcs,Rp 18.100,Rp 26.700,2 rb Terjual
Mie Sedaap,"Mie Sedaap Kuah Goreng 10 Bungkus - Semua Varian - Food, Noodles",N/A,Rp 35.000,9 Terjual
Mie Sedaap,Mie Sedap Dus All Varian Isi 40 Pcs,N/A,Rp 141.500,250+ Terjual
Mie Sedaap,sedap soto (1pack isi 10),N/A,Rp 29.800,5 Terjual
Mie Sedaap,Sedaap Cup Mie Instan Mix Variant (6 Pcs),Rp 32.500,Rp 45.100,100+ Terjual
Mie Sedaap,SEDAAP MIE KUAH RASA SOTO ISI 5 BUNGKUS X75 GR - Hypermart,N/A,Rp 15.500,100+ Terjual
Mie Sedaap,1dus Mie Sedap Kuah Ayam Bawang Soto Mie Goreng isi 40pcs Noodles Food Instan,N/A,Rp 133.750,50+ Terjual
Mie Sedaap,Sedaap Baked Mie Instan Goreng 87 gr x 12 pcs,Rp 38.300,Rp 50.300,100+ Terjual
Mie Sedaap,Sedap Mie Singapore Spicy Laksa @ Dus isi 40 Pcs,N/A,Rp 131.000,90+ Terjual
Mie Sedaap,mie sedaap pacs '@Deva store' sedaap goreng isi 6 pacs  Food Makanan Instan Pedas Noodles,N/A,Rp 75.000,N/A
Mie Sedaap,(40 PCS) SEDAAP MIE INSTANT 1 DUS All Varian isi 40 PCS (Tersedia packing tambahan bubble wrap opsional),N/A,Rp 136.000,500+ Terjual
Mie Sedaap,Mie Sedaap Kuah Rasa Soto - 1 Karton,N/A,Rp 118.000,22 Terjual
Mie Sedaap,Sedaap Mie Instan Goreng Bag 90gr x 40,N/A,Rp 150.000,3 Terjual
Mie Sedaap,sembako&agen telur,N/A,Rp 106.500,N/A
Mie Sedaap,mie goreng sedaap 10 pcs mi goreng instan,N/A,Rp 38.000,250+ Terjual
Mie Sedaap,Mie Sedaap goreng/ kuah Kartonan,Rp 139.499,Rp 139.500,12 Terjual
Mie Sedaap,Sedaap Mie Instan Soto Madura 82 gr x 15 pcs,Rp 53.100,Rp 68.000,1 rb Terjual
Mie Sedaap,Sedaap Mie Instan 3 Dus (120 pcs),Rp 448.300,Rp 519.700,17 Terjual
Mie Sedaap,Mie INSTAN SEDAP AYAM BAWANG 1 dus isi 40pcs,N/A,Rp 116.000,4 Terjual
Mie Sedaap,Mie Sedaap Goreng Selection Korean Spicy Chicken 1 dus isi 40 pcs,N/A,Rp 125.000,6 Terjual
Mie Sedaap,"Mie Sedaap Bungkus Goreng, Ayam Bawang, Kari, Kari Special, Soto, Soto Madura, Cheese Buldak, Singapore Laksa, Ayam Jerit, Korean Spicy goreng dan kuah, baked goreng  90 gram",N/A,Rp 4.500,750+ Terjual
Mie Sedaap,mie sedaap goreng 1 dus,N/A,Rp 145.000,7 Terjual
Mie Sedaap,Mi Sedaap Ayam Bawang 40x70g Mi Instan Kuah Ambil Min 3 dus Harga Lebih Murah,N/A,Rp 125.000,5 Terjual
Mie Sedaap,Mie Sedaap Kuah Instant Noodle kuah murah meriah,N/A,Rp 115.000,N/A
Mie Sedaap,Sedaap Mie instan Ayam Spesial 69 gr x 5 pcs,Rp 19.900,Rp 25.700,3 rb Terjual
Mie Sedaap,Mie Sedap Karton isi 40 pcs,N/A,Rp 134.999,250+ Terjual
Mie Sedaap,Mie Sedaap kuah rasa SOTO ayam,N/A,Rp 108.000,N/A
Mie Sedaap,Mie Instan Sedap Goreng isi 40 Mie goreng sedap,N/A,Rp 130.000,28 Terjual
Mie Sedaap,SEDAAP MIE INSTAN GORENG PER 10 PCS,N/A,Rp 36.199,50+ Terjual
Mie Sedaap,sedaap goreng mie instan 20 pcs readyyyy Noodles,N/A,Rp 65.000,1 Terjual
Mie Sedaap,SEDAAP MIE KUAH RASA SOTO ISI 5 BUNGKUS X75 GR,N/A,Rp 15.500,100+ Terjual
Mie Sedaap,MIE SEDAP GORENG ISI 20 BUNGKUS,N/A,Rp 67.999,40+ Terjual
Mie Sedaap,PAKET 15 PCS MIE SEDAAP GORENG,N/A,Rp 68.000,50+ Terjual
Mie Sedaap,SEDAAP Cup Mie Goreng & Kuah Soto Korean 81gr(1dus isi 12pcs) Food Noodles Pedas Ayam Makanan Instan Spicy,N/A,Rp 664.900,50+ Terjual
Mie Sedaap,Mie Sedaap Kemasan Kardus,N/A,Rp 138.000,5 Terjual
Mie Sedaap,Sedaap Mie Instan All Varian 1 Dus Bisa Mix Rasa 40 Pcs Paket Hemat Rasa Luas Ayam Bawang Kari Soto Baso Laksa Singapore Goreng Spicy,Rp 137.000,Rp 147.000,40+ Terjual
Mie Sedaap,MIE SEDAP GORENG 1DUS ISI 40PCS mie instan goreng rasa lezat dan nikmat,N/A,Rp 148.000,30+ Terjual
Mie Sedaap,mie sedaap goreng isi 5,N/A,Rp 17.999,100+ Terjual
Mie Sedaap,"1 DUS MIE SEDAP GORENG ISI 40 PCS RP,110,000 SAJA",N/A,Rp 39.500,30+ Terjual
Mie Sedaap,Mie Sedaap Sedap Ayam Bawang Instan Kuah 1 Karton/Dus isi 40 pcs 70 gr,N/A,Rp 135.971,40+ Terjual
Mie Sedaap,Seddap Goreng Pack isi 5pcs,N/A,Rp 14.900,3 Terjual
Mie Sedaap,10 PCS MIE INSTAN SEDAAP GORENG DAN KUAH SEDAP Makanan Food Ayam Kari Noodles Rawit,N/A,Rp 36.500,750+ Terjual
Mie Sedaap,Mie Sedaap Kuah ( All Varian ),N/A,Rp 112.000,6 Terjual
Mie Sedaap,FS ONLY MIE SEDAAP RASA SOTO PACK ISI 5,N/A,Rp 20.000,17 Terjual
Mie Sedaap,Sedaap Soto 70gr 1 Karton Isi 40 Pcs Mie Instant Kuah Rempah & Serbuk Koya Gurih,N/A,Rp 135.971,90+ Terjual
Mie Sedaap,sedap soto mie instan 70gr 1 dus /40 bungkus,N/A,Rp 125.000,8 Terjual
Mie Sedaap,Sedap mie instan goreng soto korean spicy laksa dll 1dus,N/A,Rp 138.000,90+ Terjual
Mie Sedaap,(ISI 10pcs) MIE SEDAAP GORENG / KUAH SEMUA RASA (BISA MIX VARIAN),N/A,Rp 38.800,5 Terjual
Mie Sedaap,1 DUS MIE SEDAP kuah / goreng isi 40 pcs all varian Food Ayam Iga Instan Bawang Pedas Noodles,N/A,Rp 125.000,4 Terjual
Mie Sedaap,SEDAAP PAKET 1DUS ISI 40PCS Packing Kardus + plastik,N/A,Rp 142.999,12 Terjual
Mie Sedaap,"Sedaap KUAH AYAM BAWANG/SOTO Paket 40 pcs – Mie Instan Gurih Pedas Praktis, Isi Banyak, Cocok untuk Stok Rumah Usaha dan Hadiah Anak Kos",N/A,Rp 136.500,250+ Terjual
Mie Sedaap,Mie Sedap Soto Dus isi 40 pcs / 8 pack x 5 pcs sedaap mi noodle wings wingsfood,N/A,Rp 135.500,250+ Terjual
Mie Sedaap,Mie goreng sedaap 1 dus isi 40pcs dengan rasa yang sedap dan praktis,N/A,Rp 155.000,1 Terjual
Mie Sedaap,MIE SEDAAP GORENG 1 Dus isi 40 Bungkus,Rp 140.579,Rp 141.999,70+ Terjual
Mie Sedaap,MIE Sedaap Instant Mi Goreng Mie Instan Isi 40 Pack Lestama Grosir Official Store Noodles,N/A,Rp 137.999,70+ Terjual
Mie Sedaap,Mie Sedap Goreng Instan isi 40 pacj Rasa Terbaik Sesuai Spesifikasi Food,N/A,Rp 118.000,3 Terjual
Mie Sedaap,Sedaap Mie Ayam Bawang 70 Gr,N/A,Rp 3.090,40+ Terjual
Mie Sedaap,Mie sedap goreng 1 dus,N/A,Rp 128.000,2 Terjual
Mie Sedaap,Mie Sedap Instan 1 Dus (isi 40PCS) All Varian,Rp 139.900,Rp 155.000,60+ Terjual
Mie Sedaap,sedaap mie goreng 1 dus 40 pcs,N/A,Rp 132.000,17 Terjual
Mie Sedaap,10pcs/14pcs mi sedap kuah campur rasa  Food  Instan  Mie Noodles,Rp 38.800,Rp 40.000,750+ Terjual
Mie Sedaap,MIE SEDAAP kartonan 90GR ISI 40bks ( Karton )-harga promo-ready all varian/mie instant,Rp 143.900,Rp 159.000,500+ Terjual
Mie Sedaap,Mi Sedaap Goreng   1 Dus Isi 40 Pcs,N/A,Rp 145.000,1 Terjual
Mie Sedaap,"Sedaap Goreng Karton Isi 40 - Makanan Ringan - Food, Noodles",N/A,Rp 148.500,100+ Terjual
Mie Sedaap,Mie sedaap sedap kuah soto 1 karton dus isi 40 pcs - Sembako Jogja,N/A,Rp 144.000,1 Terjual
Mie Sedaap,Mie Sedap Kuah 1 dus,N/A,Rp 135.000,13 Terjual
Mie Sedaap,Mie sedaap sedap kuah ayam bawang 1 karton isi 40 pcs - Sembako Jogja,N/A,Rp 144.000,4 Terjual
Mie Sedaap,PS - SEDAAP MIE KUAH RASA SOTO ISI 5 BUNGKUS X75 GR,N/A,Rp 22.400,N/A
Mie Sedaap,SEDAP GORENG MIE INSTAN SATU DUS,N/A,Rp 147.000,40+ Terjual
Mie Sedaap,10 Pcs Mie Sedaap Kuah All Varian,N/A,Rp 35.500,100+ Terjual
Mie Sedaap,Mie Sedap/Sedaap Kari Special 1 Dus (40 pcs),N/A,Rp 130.000,22 Terjual
Mie Sedaap,40 Pcs Sedaap Mie Instan Goreng Bag 90 gr (1Box),N/A,Rp 155.000,50+ Terjual
Mie Sedaap,"Mie Sedap Instan  ( Goreng, Soto, kare spesial, korea spicy, goreng davina Kuah Pedas Food",N/A,Rp 128.550,40+ Terjual
Mie Sedaap,SEDAAP Mie Instan Ayam Bawang  70 gr 1 Dus is 40 Pcs,Rp 137.000,Rp 145.000,7 Terjual
Mie Sedaap,Mie sedaap 1dus isi 40 ada berbagai macam rasa harga murah terjamin kualitasnya,N/A,Rp 143.000,250+ Terjual
Mie Sedaap,Paket Mie Sedaap Ayam Bawang+Mie Sedaap Goreng+Gula,N/A,Rp 50.000,15 Terjual
Mie Sedaap,Mie Sedaap Mie Instan Rasa Soto 75g (satu dus isi 40 bungkus),N/A,Rp 137.500,100+ Terjual
Mie Sedaap,Mie Sedaap Instant Sedap Goreng dan Soto Isi 40 Pcs - Makanan Instan Praktis dan Lezat untuk Segala Kesempatan,N/A,Rp 143.900,250+ Terjual
Mie Sedaap,Mie Sedaap Sedap Goreng Instan 1 Karton/Dus isi 40 pcs 90 gr,N/A,Rp 148.073,28 Terjual
Mie Sedaap,PROMO..1 KARTON MIE SEDAP VARIAN ..GORENG..AYAM BAWANG...SOTO,Rp 142.499,Rp 145.000,50+ Terjual
Mie Sedaap,Mie sedaap sedap kuah kari spesial 1 karton dus isi 40 pcs - Sembako Jogja,N/A,Rp 144.000,1 Terjual
Mie Sedaap,[Dikirim dari Solo] Mie Sedaap Goreng 1 Kardus isi 40 Bungkus | Mie Instan Promo Murah,Rp 139.600,Rp 175.800,60+ Terjual
Mie Sedaap,mie sedap goreng 1 dus,N/A,Rp 146.750,40+ Terjual
Mie Sedaap,mie sedaap soto 1 dus 40 pcs,N/A,Rp 131.000,16 Terjual
Mie Sedaap,Sedaap Mie Goreng isi 5 (1 karton),N/A,Rp 133.900,100+ Terjual
Mie Sedaap,1 DUS MIE SEDAP ISI 40bungkus ALL VARIAN,N/A,Rp 143.900,500+ Terjual
Mie Sedaap,Mie Sedap Ayam Bawang Dus isi 40 pcs / 8 pack x 5 pcs sedaap mi noodle wingsfood wing,N/A,Rp 136.500,250+ Terjual
Mie Sedaap,[SEMBAKO] Mie Sedaap Instan Rasa Ayam Bawang 1 Dus (40 pcs),N/A,Rp 122.060,3 Terjual
Mie Sedaap,Sedaap Mie Instan Goreng 90 gr 1 Dus isi 40 pcs(Box),N/A,Rp 256.800,N/A
Mie Sedaap,Mie Sedap Goreng satu karton 40pcs,N/A,Rp 145.800,22 Terjual
Mie Sedaap,MIE SEDAAP MI GORENG 90 GRAM X 5 PCS (ISI 5 PCS),N/A,Rp 20.000,250+ Terjual
Mie Sedaap,PAKET 15 PCS MIE SEDAAP KUAH,N/A,Rp 68.000,50+ Terjual
Mie Sedaap,MIE SEDAP GORENG | MIE KOREAN SPICHY CHICKEN MIE INSTANT 1 KARTON,N/A,Rp 145.999,24 Terjual
Mie Sedaap,10 BUNGKUS MIE SEDAAP KUAH 10 BUNGKUS Mi Sedaap Mi Sedap,N/A,Rp 42.505,1 rb Terjual
Mie Sedaap,Mie Sedaap Sedap Goreng 90gr X 40Bks (1 Dus/Karton),N/A,Rp 172.000,N/A
Mie Sedaap,mie sedap ayam bawang/mie rebus sedap,N/A,Rp 127.000,N/A
Mie Sedaap,1 Dus Mie Sedaap Mie Instant Kuah Rasa Soto (Isi 40 Pcs),N/A,Rp 140.000,50+ Terjual
Mie Sedaap,"Mie Sedaap Korean Spicy Selection 10 Bungkus - Makanan Instan Pedas - Food, Goreng, Noodles",N/A,Rp 40.100,60+ Terjual
Mie Sedaap,Mie Sedap Goreng Dus isi 40 pcs / 8 pack x 5 pcs mi instan sedaap noodle,N/A,Rp 139.500,500+ Terjual
Mie Sedaap,MIE SEDAAP GORENG 1 KARTON ISI 40PCS MURAH HARGA GROSIR,N/A,Rp 134.800,14 Terjual
Mie Sedaap,(5PC) Mie Instan Sedaap Mie Sedaap Goreng Kuah Korean Spicy Salero Padang Singapore Spicy Laksa Ayam Limau Kari Ayam Soto All Varian,N/A,Rp 19.600,40+ Terjual
Mie Sedaap,Mie Sedaap Goreng Instant Noodle murah meriah,N/A,Rp 120.000,N/A
Mie Sedaap,Mie Sedap Soto 1 dus isi 40pcs,N/A,Rp 122.300,2 Terjual
Mie Sedaap,1dus mie sedaap goreng isi 40pcs,N/A,Rp 139.990,30+ Terjual
Mie Sedaap,Mie Sedaap Ayam Bawang 1 karton/40 pcs,N/A,Rp 120.000,1 Terjual
Mie Sedaap,Mie Sedap Goreng Food Noodles Ayam Instan,N/A,Rp 1.140.000,13 Terjual
Mie Sedaap,"Mie Sedap Instan Karton 40pcs – Mie Murah Hemat Semua Varian (Ayam Bawang, Soto, Kari Spesial, White Curry,dll)",Rp 135.000,Rp 150.000,100+ Terjual
Mie Sedaap,Mie Sedaap Goreng - 1 Karton isi 40 pcs,N/A,Rp 138.500,1 Terjual
Mie Sedaap,Mie Sedaap Rasa Mi Goreng 91g / Rasa Soto 76g Kemasan 1 Dos Isi 40 Pcs,Rp 152.190,Rp 160.000,30+ Terjual
Mie Sedaap,Mie Sedaap Goreng 1 Dus Karton Isi 40pcs Mie Instan Baru Jelas Terasa Sedapnya,Rp 141.120,Rp 147.000,100+ Terjual
Mie Sedaap,TOEKOE Sedaap Goreng 1 Dus Karton [Isi 40pcs] / Mie Instan,N/A,Rp 143.199,250+ Terjual
Mie Sedaap,Mie Sedaap Goreng Dus box 90g x 40pcs | Mi sedap Noodle makanan anak kos Instan,N/A,Rp 118.900,N/A
Mie Sedaap,Mie Sedap Goreng 1 dus isi 40pcs,N/A,Rp 124.600,1 Terjual
Mie Sedaap,Mie Sedaap Goreng 1 Dus Isi 40 (Exp Lama) - Mie Goreng,N/A,Rp 148.000,50+ Terjual
Mie Sedaap,Mie Sedaap Instant Goreng - Mie Instan Goreng Isi 8 - 1 dus,N/A,Rp 135.000,8 Terjual
Mie Sedaap,1 DUS MIE MIE SEDAAP GORENG | KOREAN SPICHY | SALERO PADANG | AYAM BAKAR LIMAU | AYAM KRISPY | CHEF DEVINA | CHEESE BULDAK  MIE INSTANT NETTO 40 PCS X 80 GR,N/A,Rp 144.999,30+ Terjual
Mie Sedaap,MIE SEDAP GORENG SOTO AYAM BAWANG - PER KARTON (40PCS),Rp 139.500,Rp 150.100,30+ Terjual
Mie Sedaap,mie sedap goreng 1 dus 40 pcs,N/A,Rp 145.000,70+ Terjual
Mie Sedaap,Mie Sedaap Goreng  90 gr 1 Dus Isi 40 Pcs,Rp 143.000,Rp 152.000,1 Terjual
Mie Sedaap,(40 pcs) Sedaap mie instan 1 dus lengkap all variant/Mie instan satu dus murah lengkap exp lama Food Noodles Goreng Ayam Pedas,N/A,Rp 139.150,4 Terjual
Mie Sedaap,Mie Sedaap Kuah Soto 5 pcs,N/A,Rp 14.500,100+ Terjual
Mie Sedaap,Mie Sedaap Goreng 1 Karton isi 40pcs Exp 2026 Instan Food Noodles Spicy,N/A,Rp 122.990,1 Terjual
Mie Sedaap,Mie Sedaap Instan Goreng - 1 Dus Isi 40 Pcs - Harga Extra - Makanan Instan,Rp 145.990,Rp 149.990,12 Terjual
Mie Sedaap,Mie Sedaap Goreng 1 Dus Isi 40pcs - Sedaap Soto - Paking dilapisi Kresek - Exp Bulan 11 2026,Rp 145.500,Rp 196.000,18 Terjual
Mie Sedaap,Sedaap mie instant kuah soto isi 5,N/A,Rp 17.000,22 Terjual
Mie Sedaap,Mie Sedaap Goreng 1 Dus,N/A,Rp 140.000,N/A
Mie Sedaap,Mie Sedaap 1 Karton Isi 40pcs Semua Varian Favorit Ayam Bawang Soto Kari Spesial Sambal Goreng Singapore Spicy Laksa White Curry,Rp 137.800,Rp 150.000,1 rb Terjual
Mie Sedaap,1 DUS SEDAP GORENG ISI 40 bungkus,N/A,Rp 139.900,100+ Terjual
Mie Sedaap,Mie Sedaap Instant Rasa Soto 1 Dus Isi 40 Pcs Makanan Instan Nikmat Dan Praktis,N/A,Rp 135.650,27 Terjual
Mie Sedaap,mie sedap 1 kardus isi 40pcs,N/A,Rp 130.000,4 Terjual
Mie Sedaap,1 dus [40 pcs] Mie sedaap kuah ayam bawang 70 gr,N/A,Rp 126.450,10 Terjual
Mie Sedaap,Mie Sedaap Ayam Bawang 1 dus isi 40 pcs,N/A,Rp 126.000,N/A
Mie Sedaap,Mie sedap goreng isi 40 pcs / mie instan. SEDAAP Mie Instan Goreng Bag 90gr isi 40 pcs [Karton],N/A,Rp 157.500,24 Terjual
Mie Sedaap,Mie sedaap isi 5 75gr Rasa Soto/ayam bawang/goreng,N/A,Rp 21.200,N/A
Mie Sedaap,mie sedaap goreng isi 40 bungkus,N/A,Rp 210.000,100+ Terjual
Mie Sedaap,Mie Sedaap Karton 40pcs Ayam Bawang Soto Kari Spesial White Curry & Lainnya Rasa Otentik Bumbu Melimpah Topping Bawang Goreng Renyah - Kuah,Rp 139.900,Rp 150.000,50+ Terjual
Mie Sedaap,Mie Sedaap Goreng 1 Dus 40pcs [90gr] Sedap,N/A,Rp 152.500,100+ Terjual
Mie Sedaap,(1 DUS ISI 40 PCS) MIE SEDAAP GORENG/SOTO/AYAM BAWANG,N/A,Rp 139.500,100+ Terjual
Mie Sedaap,"Mie Sedaap Goreng 1 Karton - Makanan Ringan - Food, Noodles Instan",N/A,Rp 148.500,1 rb Terjual
Mie Sedaap,Mie Sedaap Rasa Soto 1 Dus 40pcs [75gr/3kg],N/A,Rp 148.000,100+ Terjual
Mie Sedaap,Sedaap Mie Instant Goreng 90G Karton (40 bungkus),N/A,Rp 149.999,18 Terjual
Mie Sedaap,sedaap goreng 1 dus,N/A,Rp 153.000,80+ Terjual
Mie Sedaap,10 pcs  Mie Sedaap kuah rasa Ayam Bawang @76 gram,N/A,Rp 36.900,22 Terjual
Mie Sedaap,PROMO - MIE SEDAAP GORENG / SOTO 1 DUS ISI 40 BUNGKUS / MIE INSTAN /CosmeticViral01,N/A,Rp 142.900,15 Terjual
Mie Sedaap,Mie sedaap ayam bawang karton,N/A,Rp 143.500,100+ Terjual
Mie Sedaap,Sedap Soto Mie 1 Dus 40 Pcs,N/A,Rp 138.000,250+ Terjual
Mie Sedaap,1 DUS MIE SEDAAP kuah / goreng isi 40 pcs all varian Food,N/A,Rp 150.000,3 rb Terjual
Mie Sedaap,Sedaap mie goreng karton isi 40 bungkus,Rp 147.100,Rp 149.000,250+ Terjual
Mie Sedaap,Mie Sedaap Instant PROMO MIE SEDAP GORENG SOTO AYAMBAWANG 1DUS ISI 40PCS Rasa Gurih dan Nikmat,N/A,Rp 134.000,250+ Terjual
Mie Sedaap,Mie Sedap Goreng 1 Box isi 40 pcs Bawang Food,N/A,Rp 143.324,14 Terjual
Mie Sedaap,1 Dus Mie Sedaap Mie Instant Kuah Rasa Ayam Bawang (40 Pcs),N/A,Rp 140.000,30+ Terjual
Mie Sedaap,Mie Sedaap Soto 1 Dus isi 40pcs,N/A,Rp 132.555,30+ Terjual
Mie Sedaap,1 Dus Mie Instan Soto Sedap Kuah (Isi 40 Pcs)All Varian Rasa / Noodles Food Kari Spicy Ayam Pedas m Bawang Murah Instant,N/A,Rp 138.778,3 Terjual
Mie Sedaap,Mie Sedaap Rasa Soto 1 Dus 40pcs [75gr] Sedap,N/A,Rp 147.000,100+ Terjual
Mie Sedaap,MIE SEDAP SEDAAP SOTO KUAH 75gr (1 Dus isi 40 Bungkus),Rp 142.225,Rp 145.000,250+ Terjual
Mie Sedaap,TERLARIS - Mie Sedap Goreng [ 1 Dus ] Isi 40 Pcs/ Mie Instan 90 Gram Per Dus/CosmeticViral01,N/A,Rp 143.900,8 Terjual
Mie Sedaap,5 Bungkus MIE SEDAAP KUAH 5 Bungkus Mie Sedap Mi Sedap Mi Sedaap,Rp 24.158,Rp 24.905,750+ Terjual
Mie Sedaap,"Mie Sedaap Goreng Pedas Ayam - 1 Dus, Makanan",N/A,Rp 151.500,1 rb Terjual
Mie Sedaap,Mie Sedap Goreng 1 dus,N/A,Rp 140.000,11 Terjual
Mie Sedaap,mie sedaap goreng Devina 1 karton,N/A,Rp 148.500,19 Terjual
Mie Sedaap,PAKET HEMAT (1 DUS ISI 40 PCS) MIE SEDAAP GORENG/SOTO/AYAM BAWANG,N/A,Rp 145.000,3 Terjual
Mie Sedaap,Rockzillastore,N/A,Rp 155.000,8 Terjual
Mie Sedaap,Mie Sedap Goreng 1 kardus (isi 40 pcs) – Mie instan goreng sedaap,Rp 192.000,Rp 384.000,N/A
Mie Sedaap,Mie Sedaap Soto (1 dus 40 pcs),N/A,Rp 135.000,40+ Terjual
Mie Sedaap,Mie Sedaap Goreng 1 Dus Isi 40pcs,N/A,Rp 135.500,100+ Terjual
Mie Sedaap,mie sedaap goreng 1 dus ( isi 40 pcs),N/A,Rp 139.000,30+ Terjual
Mie Sedaap,1 DUS MIE SEDAAP GORENG 1 DUS ISI 40 BUNGKUS Mi Sedaap Mie Sedap,N/A,Rp 153.005,100+ Terjual
Mie Sedaap,1 dus isi 40 bungkus mie sedaap kuah rasa ayam bawang,N/A,Rp 126.000,N/A
Mie Sedaap,1 karton sedaap goreng Organik,N/A,Rp 160.000,21 Terjual
Mie Sedaap,mie sedaap goreng 1 dus TERMURAH PROMO WIB isi 40 pcs mi instan,N/A,Rp 205.000,1 Terjual
Mie Sedaap,Mie Sedaap Goreng 1 Dus Isi 40 pcs - Mie Instan Goreng,Rp 141.500,Rp 147.990,9 Terjual
Mie Sedaap,10 Pcs Mie Sedaap Rasa Ayam Bawang | Mie Kuah | Mie Instan | Mie Sedaap Food Noodles Pedas Kari,N/A,Rp 39.900,2 Terjual
Mie Sedaap,1 Dus Mie Sedap Goreng Isi 40 Bungkus Kemasan 90 Gram [ viralglowing ],N/A,Rp 143.900,100+ Terjual
Mie Sedaap,AGEN SEMBAKO VIRAL -  [ 1 KARTON ] Mie Sedaap Goreng / Mie Goreng Instan 1dus isi 40bungkus,Rp 160.000,Rp 284.000,30+ Terjual
Mie Sedaap,mie sedaap goreng instan jelas terasa sedapnya Food Noodles,N/A,Rp 140.000,7 Terjual
Mie Sedaap,Mie sedaap goreng 1dus isi 40pcs /Mie sedaap goreng original dus murah,N/A,Rp 143.000,70+ Terjual
Mie Sedaap,TOEKOE 1 Dus Mie Sedaap Goreng Ala Chef Devina Isi 40pcs,N/A,Rp 145.799,9 Terjual
Mie Sedaap,1dus 40pcs Mie Sedaap Selection Singapore Spicy Laksa Varian Premium Kuah Kental Creamy Rasa Gurih Pedas Khas Singapura Mi Instan Kenyal Tebal dengan Bumbu Pasta Laksa dan Minyak Cabai Ready Cepat,N/A,Rp 140.000,100+ Terjual
Mie Sedaap,(1 DUS) Mie Sedaap Instant Goreng & Kuah 1 Karton Isi 40 Pcs - All Varian Mie Sedaap - Pangan Sejahtera,Rp 140.990,Rp 200.000,15 Terjual
Mie Sedaap,Mie Sedaap Goreng 1 dus | Mie Goreng Sedaap,N/A,Rp 200.000,N/A
Mie Sedaap,1 DUS MIE INSTAN SEDAP MIE SEDAAP GORENG / KUAH  Makanan Instan Praktis & Lezat untuk Berbagai Kesempatan - Food,N/A,Rp 146.788,7 Terjual
Mie Sedaap,SEDAAP MIE SELECTION KOREAN SPICY CHICKEN/SOUP,N/A,Rp 33.500,100+ Terjual
Mie Sedaap,MIE SEDAP GORENG 1DUS ISI 40pcs,N/A,Rp 142.999,100+ Terjual
Mie Sedaap,Mie Sedaap Soto 1 Dus Isi 40pcs,N/A,Rp 129.900,100+ Terjual
Mie Sedaap,Mie Sedaap goreng isi 20 pcs,N/A,Rp 75.000,4 Terjual
Mie Sedaap,Sedaap Mie Instan Singapore Spicy Laksa 1 Dus isi 40pcs,N/A,Rp 160.000,9 Terjual
Mie Sedaap,Hans Mie sedaap Goreng Original 1 dus,N/A,Rp 134.400,1 Terjual
Mie Sedaap,AGEN SKINCARE VIRAL - [ 1 KARTON ] Mie Sedaap Goreng / Mie Goreng Instan 1dus isi 40bungkus,N/A,Rp 160.000,26 Terjual
Mie Sedaap,Mie Sedaap Instant Goreng Sedap Isi 40 Bungkus Jelas Terasa Sedapnya,N/A,Rp 140.000,60+ Terjual
Mie Sedaap,sedaap mie goreng 90 grx40bks (karton) Noodles Food Instan Bawang,N/A,Rp 160.000,14 Terjual
Mie Sedaap,ATIKA BEAUTY SHOP -  [ 1 KARTON ] Mie Sedaap Goreng / Mie Goreng Instan 1dus isi 40bungkus,N/A,Rp 160.000,29 Terjual
Mie Sedaap,Mie sedaapp kuah/ sedaap soto/ ayam bawang/ kari spesial,N/A,Rp 134.500,10 Terjual
Mie Sedaap,Promo 1Karton Mie Sedaap Goreng SOTO Ayam Bawang isi 40Pcs Makanan Instan Enak dan Praktis,N/A,Rp 142.000,100+ Terjual
Mie Sedaap,[10pcs] Mie Sedap Goreng 90 gram Mie Instant 1 Bungkus isi 10 pcs Mie Sedaap Goreng 90g,N/A,Rp 39.040,21 Terjual
Mie Sedaap,1 Dus/ Karton Mie Sedaap Goreng | Sedaap Mie Instan Goreng Bag 90 gr x40 [ viralglowing ],N/A,Rp 139.900,28 Terjual
Mie Sedaap,LEBIH HEMAT 10 PCS MIE SEDAAP GORENG INSTAN Noodles,N/A,Rp 35.000,N/A
Mie Sedaap,Mie Sedaap Instant 1 Karton Isi 40 Enak Baru  Mie Sedaap Enak FREE  PACKING BABLE WRAB,N/A,Rp 148.900,N/A
Mie Sedaap,10 PCS - Indomie Goreng Spesial 80 Gr,N/A,Rp 42.700,50 rb Terjual
Mie Sedaap,10 PCS - Indomie Kuah Soto Mie 70 Gr,N/A,Rp 40.600,2 rb Terjual
Mie Sedaap,MI INSTAN INDOMIE MIE GORENG,N/A,Rp 128.000,100+ Terjual
Mie Sedaap,ekomie40pcs mie goreng instan harga ekonomis rasa mantab Food Noodles,Rp 62.399,Rp 80.000,100+ Terjual
Mie Sedaap,Intermi Goreng 1 dus isi 40 pcs,N/A,Rp 60.000,100+ Terjual
Mie Sedaap,1 Dus Mie Gaga 1000 Goreng & Soto Mie 50gr,N/A,Rp 62.400,4 rb Terjual
Mie Sedaap,Sedaap Bumbu Kaldu Ayam Penyedap Rasa 250g,Rp 11.100,Rp 18.100,3 rb Terjual
Mie Sedaap,1 Dus Mie Instan Kuah dan Goreng Varian Lengkap Mie Instan Kuah Goreng Varian Tersedia Beberapa Varian Mie Tertera Harga 1 Dus,N/A,Rp 142.000,750+ Terjual
Mie Sedaap,1KARTON / 40PCS EKOMI MIE INSTAN RASA GORENG,N/A,Rp 66.175,1 rb Terjual
Mie Sedaap,MIX INTERMIE 20 PCS PAKET MIE INSTAN GORENG PEDAS & ORIGINAL INDOFOOD INTERMI,N/A,Rp 40.000,250+ Terjual
Mie Sedaap,PAKET SEDAAP MIE,N/A,Rp 33.000,100+ Terjual
Mie Sedaap,MIE REBUS UNTUK MIE GORENG,N/A,Rp 25.000,2 rb Terjual
Mie Sedaap,Indomie Mie Instan Seleraku Aneka Rasa Kari Ayam Soto Goreng Rak Sayur,N/A,Rp 3.600,750+ Terjual
Mie Sedaap,indomie goreng karton isi @40 pcs,N/A,Rp 139.999,100+ Terjual
Mie Sedaap,Mie Sarimi Isi 2 Mi Goreng Semua Rasa - 24 Pcs,N/A,Rp 87.000,50+ Terjual
Mie Sedaap,Mie Instan Indomie Sedap Intermie WOW Spageti 1 dus,Rp 148.900,Rp 149.000,4 rb Terjual
Mie Sedaap,Sedap Goreng 1 Dus Isi 40pcs - Snack Makanan Ringan - Food Camilan Cemilan Pedas,N/A,Rp 124.999,17 Terjual
Mie Sedaap,Indomie Goreng 1 dus (isi 40 pcs),N/A,Rp 144.000,100+ Terjual
Mie Sedaap,Indomie Mie Goreng Instant 1 Dus Karton isi 40 Pcs Mie Goreng 90gr,N/A,Rp 147.600,750+ Terjual
Mie Sedaap,"[1 Dus isi 40pcs] Indomie Goreng/Kuah/Sedap Goreng/Sedap Kuah - Mie Instan Praktis dan Mudah Disimpan - Food, Noodles",N/A,Rp 148.943,500+ Terjual
Mie Sedaap,Mie Sakura Goreng harga Grosir perkarton (1 karton isi 40 bks),N/A,Rp 80.000,2 rb Terjual
Mie Sedaap,Sedaap Kecap Manis Kedelai Hitam Special Pouch 725gx 2 pcs,Rp 48.800,Rp 68.100,9 rb Terjual
Mie Sedaap,108pcs/6rtg bumbu Kaldu sedaap (ecer 500 dpt 108pcs/6rtg),N/A,Rp 33.999,2 rb Terjual
Mie Sedaap,32 Sachet bumbu kaldu sedaap (2 renteng) - instant Penyedap,Rp 13.350,Rp 17.550,10 rb Terjual
Mie Sedaap,(10pcs) Kecap Sedaap 77gr Kemasan 2000 Special Kedelai Hitam,N/A,Rp 15.999,5 rb Terjual
Mie Sedaap,(14pcs) Kecap sedaap 77gr kemasan 2000,N/A,Rp 22.599,10 rb Terjual
Mie Sedaap,Mie Sedaap Instant Goreng Sedap Isi 40,N/A,Rp 149.900,N/A
Mie Sedaap,Mie Sedaap Singapore Spicy Laksa (1 dus 40 pcs),N/A,Rp 135.000,50+ Terjual
Mie Sedaap,Mie Sedaap goreng isi 10 pcs,N/A,Rp 42.000,30+ Terjual
Mie Sedaap,Mie Sedap Korea Goreng Dus isi 40 pcs / 8 pack x 5 pcs Korean Spicy Chicken Selection mi instan noodle sedaap,N/A,Rp 139.500,23 Terjual
Mie Sedaap,Mie Sedap Soto 1 Dus 40 pcs,N/A,Rp 137.000,2 Terjual
Mie Sedaap,10 bks MI SEDAAP KUAH DAN GORENG ALL VARIAN RASA || ISI 10 KUAH MIX RASA || ISI 10 MI GORENG || Boleh request rasa dipesan opsional waktu co // JATENG,N/A,Rp 33.680,21 Terjual
Mie Sedaap,Mie Sedaap Goreng isi 5 bungkus / Mie Instan goreng / mie sedaap kuah soto,N/A,Rp 18.000,N/A
Mie Sedaap,Sedaap Baked Mie Instan Soto 76 gr x 12 pcs,Rp 38.300,Rp 50.300,100+ Terjual
Mie Sedaap,Sedaap Mie Goreng 90 Gr,N/A,Rp 3.410,2 rb Terjual
Mie Sedaap,Toko MishaMasha_NEW,Rp 146.990,Rp 149.990,13 Terjual
Mie Sedaap,KZ- Kuah SEDAP MIE INSTAN SOTO 1DUS,N/A,Rp 130.000,17 Terjual
Mie Sedaap,FATIKA BEAUTY SHOP -  [ 1 KARTON ] Mie Sedaap Goreng / Mie Goreng Instan 1dus isi 40bungkus,Rp 160.000,Rp 284.000,10 Terjual
Mie Sedaap,TOEKOE Indomie Goreng 1 Dus Karton [Isi 40 Bungkus] / Mie Instan,N/A,Rp 147.099,1 rb Terjual
Mie Sedaap,Sedaap Mie Instan Cup Ayam Jerit 75g x6,Rp 31.900,Rp 44.600,1 rb Terjual
Mie Sedaap,"Mie Sedaap Soto 20 Bungkus - Makanan Siap Saji - Food, Noodles",N/A,Rp 72.000,29 Terjual
Mie Sedaap,Sedaap Mie Instan Goreng Korean Cheese Buldak 86gr x 20,Rp 73.700,Rp 92.400,500+ Terjual
Mie Sedaap,Sedaap Mie Sedaap Goreng Per Isi 10 - Mie Instan Rasa Goreng Lezat dan Sedap,N/A,Rp 31.000,4 Terjual
Mie Sedaap,Sedaap Mie Instan Cup Kari Spesial 81g x3,Rp 17.300,Rp 25.800,500+ Terjual
Mie Sedaap,Sedaap Mie Instan Goreng Korean Cheese Buldak 86gr x 5,Rp 20.400,Rp 28.400,3 rb Terjual
Mie Sedaap,MIE SEDAAP KUAH ALL VARIANT / MIE INSTANT / MI / KUAH / SEDAP - 1PCS \ 5PCS(GROSIR),N/A,Rp 3.000,9 Terjual
Mie Sedaap,10 bungkus Mie Sedaap Goreng Mie Instan,N/A,Rp 32.999,N/A
Mie Sedaap,TERLARIS MIE SEDAAP GORENG / SOTO 1 DUS ISI 40 BUNGKUS / MIE INSTAN/ Meyzha shoopp,N/A,Rp 143.400,28 Terjual
Mie Sedaap,mie sedaap kari spesial 1 karton isi 40 bungkus,N/A,Rp 140.500,70+ Terjual
Mie Sedaap,12 Pcs Mie Sedaap Baked Instan Soto & Goreng,N/A,Rp 37.900,100+ Terjual
Mie Sedaap,Sedaap Mie Instan Isi 40 - All Varian,N/A,Rp 145.000,N/A
Mie Sedaap,Mie Sedaap rasa Kari Spesial 75  gr 1 dus isi 40 pcs,Rp 137.000,Rp 145.000,6 Terjual
Mie Sedaap,1 DUS MIE SEDAP VARIAN SOTO DAN GORENG ISI 40 bungkus,N/A,Rp 134.500,1 rb Terjual
Mie Sedaap,"Indomie Goreng 1 Karton Isi 40 Bungkus promo murah enak - Makanan Ringan - Noodles, Food mie instan murah promo",N/A,Rp 151.000,4 rb Terjual
Mie Sedaap,1 DUS MIE SEDAAP KUAH 1 DUS ISI 40 BUNGKUS Mi Sedaap Mi Sedap,N/A,Rp 144.705,250+ Terjual
Mie Sedaap,"Mie Sedaap Rasa Soto 1 Karton Isi 40 Bungkus - Makanan Siap Saji - Noodles, Food goreng",N/A,Rp 142.500,250+ Terjual
Mie Sedaap,Sedaap mie instan goreng 1 dus isi 40pcs,N/A,Rp 156.000,5 Terjual
Mie Sedaap,10 Bungkus Mie Sedaap Goreng 90gr - Mie Murah Instan Food,Rp 39.599,Rp 39.999,1 rb Terjual
Mie Sedaap,SEDAAP Mie Goreng & Kuah (1dus) Varian Lengkap Food Noodles Instan Ayam Pedas Kuah Iga Bawang Soto Spicy Kari Cheese,N/A,Rp 130.500,500+ Terjual
Mie Sedaap,MIE SEDAAP GORENG ORIGINAL DUS (ISI40),N/A,Rp 152.000,25 Terjual
Mie Sedaap,Sedaap Cup Mie Instan Baso Bleduk 77 gr x 12 pcs(Box),Rp 61.200,Rp 82.100,23 Terjual
Mie Sedaap,MIE INSTAN SEDAP AYAM BAWANG 1 dus ISI 40,N/A,Rp 125.000,23 Terjual
Mie Sedaap,13 pcs mie sedap goreng  harga grosir murah ongkir,N/A,Rp 39.000,13 Terjual
Mie Sedaap,Mie sedaap goreng ala chef Devina 93gr paket 1 dus isi 40pics Instan,N/A,Rp 195.000,9 Terjual
Mie Sedaap,"Mie Sedaap Singapore Laksa Pedas Karton - Instan, Goreng, Makanan, Food, Kuah, Noodles",N/A,Rp 142.500,22 Terjual
Mie Sedaap,Mie Sedaap Goreng Dus Isi 40pcs,N/A,Rp 149.000,4 Terjual
Mie Sedaap,12 PCS SEDAAP MI KUAH RASA SOTO 75g,N/A,Rp 55.000,22 Terjual
Mie Sedaap,Mie Sedaap goreng mie goreng per 1 KARTON isi 40 bks mie instant goreng fried noodle,N/A,Rp 140.000,8 Terjual
Mie Sedaap,MIE SEDAP 1 Karton isi 40 pcs Rasa Campur Mix,N/A,Rp 159.000,30+ Terjual
Mie Sedaap,Sedaap Kecap Manis Kedelai Hitam Pch 725g,Rp 25.700,Rp 37.600,10 rb Terjual
Mie Sedaap,Sedaap Cup Mie Instan Ayam Nampool 75 gr x 12 Pcs,Rp 61.200,Rp 82.100,250+ Terjual
Mie Sedaap,HARGA MURAH MIE SEDAAP GORENG 91GR MIE INSTANT ISI 40 / 20 / 10 MURAH MI INSTANT PROMO MURAH,N/A,Rp 147.240,6 Terjual
Mie Sedaap,Mie Sedaap Goreng Kuah All Varian,N/A,Rp 15.000,N/A
Mie Sedaap,Sedaap Baked Mie Instant Soto 76g x6,Rp 20.400,Rp 28.600,500+ Terjual
Mie Sedaap,SEDAAP MIE MIE INSTAN GORENG pck 91g Food Noodles,N/A,Rp 124.000,4 Terjual
Mie Sedaap,Mie instan Sedap Soto 1 dus isi 40 grosir,N/A,Rp 120.000,23 Terjual
Mie Sedaap,KZ- INSTANT MIE AYAM BAWANG SEDAP 1Karton,N/A,Rp 129.000,14 Terjual
Mie Sedaap,Sedaap Mie Instan Soto Bag 75gr x 40 Food,N/A,Rp 135.000,1 Terjual
Mie Sedaap,PROMO 1 DUS Mie Sedaap Cup Isi 12 Pcs Harga Terbaik,N/A,Rp 64.800,7 rb Terjual
Mie Sedaap,Tiza Bundanya Fatih,Rp 36.000,Rp 36.000,2 Terjual
Mie Sedaap,Mie Sedaap Goreng 90gr x isi 40 (1dus) promo,N/A,Rp 160.000,100+ Terjual
Mie Sedaap,TERLARIS - Mie Sedap Goreng [ 1 Dus ] Isi 40 Pcs/ Mie Instan 90 Gram Per Dus/Meyzha shoopp,N/A,Rp 143.900,100+ Terjual
Mie Sedaap,Mie Sedaap Goreng Isi 10 pcs,N/A,Rp 39.000,9 Terjual
Mie Sedaap,SEDAAP AYAM BAWANG WINGS FOOD,N/A,Rp 120.000,3 Terjual
Mie Sedaap,PALING MURAH! MIE SEDAAP 1 DUS ISI 40.,N/A,Rp 144.050,25 Terjual
Mie Sedaap,MIE SEDAAP GORENG 1 DUS ISI 40 PCS,N/A,Rp 151.000,90+ Terjual
Mie Sedaap,[1Dus] Mie Sedap Instan 1dus isi 40pcs|| All Varian,N/A,Rp 150.000,4 Terjual
Mie Sedaap,Paket Isi 12 Mie Sedaap Goreng,N/A,Rp 45.000,14 Terjual
Mie Sedaap,SEDAAP MIE SINGAPORE SPICY LAKSA 83G,N/A,Rp 3.200,250+ Terjual
Mie Sedaap,Mie sedap mie kuah rasa ayam spesial,N/A,Rp 105.000,N/A
Mie Sedaap,Sedaap Mie Instan Singapore Spicy Laksa Isi 40 Porsi Mie Sedaap Selection Rasa Pedas Enak,N/A,Rp 165.000,4 Terjual
Mie Sedaap,5pcs MIE SEDAAP ALL VARIAN MI INSTANT  PAKET HEMAT,Rp 18.500,Rp 50.000,10 Terjual
Mie Sedaap,Mie sedaap Soto 85 gram enak gurih nikmat Noodles Food Instan mi sedap indomie so,N/A,Rp 36.000,3 Terjual
Mie Sedaap,Mie Sedaap Goreng Kemasan 5 Pcs,Rp 23.000,Rp 25.000,13 Terjual
Mie Sedaap,mie sedap rasa kari ayam dan lain lain,N/A,Rp 106.000,N/A
Mie Sedaap,MIE SEDAAP INSTANT GORENG - PER DUS (40 PCS) / Mie Sedap,N/A,Rp 178.000,4 Terjual
Mie Sedaap,[1 DUS] Mie Sedaap Instant Goreng & Kuah 1 Karton Isi 40 Pcs - Mie Sedaap - Sembako Smart Jaya,Rp 143.750,Rp 200.000,2 Terjual
Mie Sedaap,Mie Sedap Goreng 1 Karton Isi 40 Pcs,N/A,Rp 135.000,1 Terjual
Mie Sedaap,Mie Goreng 1 Dus Mi Instan Enak dan Praktis,N/A,Rp 120.000,250+ Terjual
Mie Sedaap,Sedaap Mie Goreng Ala Chef Devina / Dus isi 40 Pcs Instan,N/A,Rp 131.500,80+ Terjual
Mie Sedaap,INDOMIE Mie Instan Goreng/Kuaht Semua Variannya - Mie Instan Favorit untuk Camilan Sehari-hari atau Makanan Cepat Saji,N/A,Rp 3.700,500+ Terjual
Mie Sedaap,Mie Sedaap Sedap Cup Goreng 1 dus isi 12,N/A,Rp 91.900,250+ Terjual
Mie Sedaap,MIE SEDAAP AYAM BAWANG 5X71G,N/A,Rp 19.000,N/A
Mie Sedaap,Sedaap Tasty Mie Instan Bakmi Ayam x 6pcs + Ayam Geprek x 6pcs,Rp 79.000,Rp 98.900,1 rb Terjual
Mie Sedaap,Sedaap Mie Goreng Instant Isi 40 - Mie Instan Jelas Terasa Sedapnya,N/A,Rp 130.000,12 Terjual
Mie Sedaap,Sedap goreng 1 dus isi 40pcs jelas terasa sedapnya Instan Mie,N/A,Rp 150.000,11 Terjual
Mie Sedaap,MIE SEDAP SELECTION 1DUS ISI 40,N/A,Rp 145.000,18 Terjual
Mie Sedaap,Mie Sedaap Goreng Paket isi 12 Pcs,N/A,Rp 45.000,14 Terjual
Mie Sedaap,mie sedaap goreng 1 dos isi 40 bungkus,N/A,Rp 159.000,1 Terjual
Mie Sedaap,SEDAAP Mie Instan Kari Kental Spesial Bag 76 g x3,Rp 12.700,Rp 19.300,1 rb Terjual
Mie Sedaap,Sedaap Mie Instan Goreng Bag 91g,Rp 6.600,Rp 11.300,100 rb Terjual
Mie Sedaap,5 Pcs Mie Sedaap Goreng 90g,N/A,Rp 22.500,100+ Terjual
Mie Sedaap,Mie Sedap Goreng Noodles Original dan Pedas Karton,N/A,Rp 155.000,60+ Terjual
Mie Sedaap,MIE SEDAP SEDAAP GORENG 90gr 1 dus | Mie sedaap 1 dus isi 40 pcs murah (instan),N/A,Rp 158.500,23 Terjual
Mie Sedaap,"Mi Instan Rasa Mie Goreng Sakura - 1 Dus (40 Bungkus) - Food, Pedas, Bawang, Iga, Noodles",N/A,Rp 78.000,100+ Terjual
Mie Sedaap,Mie Sedaap All Varian Mix 3 & 4 Rasa 1 Dus 40 Pcs - Bisa Reques Note Catatan,N/A,Rp 143.000,N/A
Mie Sedaap,"Mie Sedaap Goreng Soto isi 5 bks -Makanan Ringan - Food, Noodles",N/A,Rp 20.000,1 Terjual
Mie Sedaap,Paket 10 Bungkus Indomie Goreng Instan Food Noodles,N/A,Rp 42.999,9 rb Terjual
Mie Sedaap,Sedaap Mie Instan Goreng 90gr x 40,N/A,Rp 120.000,N/A
Mie Sedaap,10pcs Mie Sedaap Instan Goreng dan kuah,N/A,Rp 36.990,500+ Terjual
Mie Sedaap,Mie Sedaap Sedap Singapore Spicy Laksa isi 5 Pcs Mie Instant 83 gr,N/A,Rp 19.800,50+ Terjual
Mie Sedaap,Sedaap Mie Goreng Chef Devina Instant 1 Dus Isi 40 Pcs Halal dan Rasa Terbaik,N/A,Rp 130.000,2 Terjual
Mie Sedaap,Mie Sedaap Rasa Soto Dus Isi 40pcs,N/A,Rp 145.999,30+ Terjual
Mie Sedaap,Sedaap Goreng Mie Instan 1 Dus Isi 40 Harga Murah Terjamin Kualitasnya Mi Goreng Instan Sedaap Instant,N/A,Rp 143.000,2 Terjual
Mie Sedaap,Mie Sedaap 1 Dus/Mie sedap 1 ctn isi 40 Pcs Goreng,N/A,Rp 146.000,30+ Terjual
Mie Sedaap,Sedaap Cup Mie Instan Ayam Jerit 75 gr x 4 pcs,Rp 22.100,Rp 32.100,3 rb Terjual
Mie Sedaap,Sedaap Mie Instan Cup Bakso Spesial 77g,Rp 8.400,Rp 13.200,10 rb Terjual
Mie Sedaap,1 DUS/12 PCS Mie Sedaap Cup Rawit Bingit Rasa Ayam Jerit,N/A,Rp 59.000,1 Terjual
Mie Sedaap,SEDAAP MIE GORENG ISI 5 X 90 GR,Rp 22.025,Rp 22.750,250+ Terjual
Mie Sedaap,MAKANAN MI INSTAN MIE SEDAAP SEDAP RAWIT BINGIT BASO BLEDUK CUP PACK 6'S X 77GR,N/A,Rp 1.283.750,N/A
Mie Sedaap,mie sedaap goreng isi 20 bungkus,N/A,Rp 75.500,750+ Terjual
Mie Sedaap,MIE SEDAAP KUAH SELECTION,N/A,Rp 3.000,22 Terjual
Mie Sedaap,[1Dus 40 pcs] Mie Sedap Instan All Varian,N/A,Rp 150.000,15 Terjual
Mie Sedaap,5 pcs - Sedaap Mie Goreng Makanan Instan,N/A,Rp 19.400,1 rb Terjual
Mie Sedaap,Mie Sedaap Goreng 1pack isi 5bungkus Mie goreng instant,N/A,Rp 20.500,100+ Terjual
Mie Sedaap,Mie Sedaap Sedap Goreng isi 5 pcs Mie Goreng Instant 90 gr,N/A,Rp 21.100,100+ Terjual
Mie Sedaap,Mie Sedaap Rasa Soto 1 Dus 40pcs [75gr/3kg] ( Promo ),N/A,Rp 148.000,100+ Terjual
Mie Sedaap,Mie sedap soto 1 dus | Mie Sedaap kuah soto 1 dus | Mie sedaap soto ku,N/A,Rp 125.500,5 Terjual
Mie Sedaap,Mie Sedaap Instant Kuah All Varian 1 Dus 40 Pcs Mie Sedaap Enak Dengan Bahan Berkualitas Terbaik Dan Bumbu Pilihan grosir eceran,N/A,Rp 194.230,N/A
Mie Sedaap,Sedaap Baked Mie Instan Soto 76 gr x 48 pcs,Rp 145.400,Rp 180.000,18 Terjual
Mie Sedaap,mie sedaap mie instan macam-macam rasa 12 pcs,N/A,Rp 45.000,N/A
Mie Sedaap,Sedaap Mie Instan Goreng Korean Cheese Buldak 86gr x 15,Rp 55.900,Rp 71.100,250+ Terjual
Mie Sedaap,COD Mie sedaap dus goreng soto ayam bawang Food Noodles Instan Kuah Kari Makanan,Rp 145.040,Rp 148.000,30+ Terjual
Mie Sedaap,1 dus Mie Sedaap Soto / Ayam Bawang 76g/71g isi 40 pcs,N/A,Rp 135.000,10 Terjual
Mie Sedaap,Sedaap Mie sedaap all variang harga murah perkarton varian rasa lengkap,N/A,Rp 110.000,2 Terjual
Mie Sedaap,Kab. Pasuruan,N/A,Rp 113.000,7 Terjual
Mie Sedaap,Sedap goreng ayam bawang soto kartonan murah Instan Mie,N/A,Rp 149.999,3 Terjual
Indomie,10 PCS - Indomie Goreng Spesial 80 Gr,N/A,Rp 42.700,50 rb Terjual
Indomie,10 PCS - Indomie Kuah Soto Mie 70 Gr,N/A,Rp 40.600,2 rb Terjual
Indomie,10 PCS - Indomie Kuah Ayam Bawang 69 Gr,Rp 39.800,Rp 40.600,10 rb Terjual
Indomie,Indofood indomie All varian per 1pcs/5pcs & 10pcs,N/A,Rp 3.199,250+ Terjual
Indomie,PROMO!! INDOMIE GORENG 1 KARTON/ DUS ISI 40 PCS,N/A,Rp 120.000,90+ Terjual
Indomie,Indomie CAMPUR MIX RASA 1 Dus isi 40,Rp 144.890,Rp 144.990,250+ Terjual
Indomie,MI INSTAN INDOMIE MIE GORENG,N/A,Rp 128.000,100+ Terjual
Indomie,CTN - Indomie Goreng Spesial 80 Gr,N/A,Rp 170.800,10 rb Terjual
Indomie,Indomie Mie Instan Indomie Goreng Indomie Kuah Soto Ayam Bawang Kari,N/A,Rp 4.500,50 rb Terjual
Indomie,10 PCS - Indomie Goreng Rendang 91 Gr,N/A,Rp 42.700,10 rb Terjual
Indomie,Indomie All Varian Rasa 69g Paket 3 / 5 / 10 Pcs Banyak Pilihan,Rp 13.677,Rp 14.100,50 rb Terjual
Indomie,Indomie 1dus isi 40bungkus atau 1/2dus isi 20bungkus,N/A,Rp 72.000,500+ Terjual
Indomie,INDOMIE GORENG 1 DUS ISI 40 PCS KHUSUS PENGIRIMAN INSTANT,Rp 120.900,Rp 121.000,1 rb Terjual
Indomie,[New Arrival Day] Indomie Goreng Spesial Plus 5 In 1 - 80gr,Rp 19.580,Rp 21.080,10 rb Terjual
Indomie,10 PCS - Indomie Kuah Ayam Spesial 68 Gr,N/A,Rp 40.600,750+ Terjual
Indomie,Indomie rasa soto isi 1 dus 40 pcs,N/A,Rp 107.000,100+ Terjual
Indomie,Indomie Mi Goreng Special 1 Dus Isi 40 Bungkus Mie Instant Indomie Goreng Hanya Berlaku Untuk Pengiriman Same Day Dan Instant,N/A,Rp 149.500,7 rb Terjual
Indomie,Indomie Semua Rasa / Indomie Mix Semua Rasa Campur (DIKIRIM SESUAI STOCK) - Varian Mi Instan Terbaik untuk Kenikmatan Anda,N/A,Rp 76.000,500+ Terjual
Indomie,INDOMIE 1 DUS Bisa Campur Rasa,N/A,Rp 159.000,90+ Terjual
Indomie,INDOMIE GORENG 1 DUS ISI 40PCS TERMURAH,N/A,Rp 68.500,250+ Terjual
Indomie,10 PCS - Indomie Kuah Kari Ayam 72 Gr,N/A,Rp 42.700,10 rb Terjual
Indomie,indomie goreng 10 pc hemat,N/A,Rp 40.000,80+ Terjual
Indomie,"Indomie Goreng 10 Bungkus - Makanan Instan - Food, Noodles",N/A,Rp 41.500,100+ Terjual
Indomie,10 PCS - Indomie Goreng Ayam Panggang Jumbo 127 Gr,N/A,Rp 53.100,8 rb Terjual
Indomie,Paket 10 Bungkus Indomie Goreng Instan Food Noodles,N/A,Rp 42.999,9 rb Terjual
Indomie,INDOMIE GORENG SPC 86 GRAM,N/A,Rp 3.300,3 rb Terjual
Indomie,Indomie Mix Campur Rasa 1 Dus isi 40 Pcs [Tulis di Note],Rp 159.827,Rp 164.827,3 rb Terjual
Indomie,INDOMIE All Variant Lengkap 1 Dus Ayam Instan Kaldu Kari,N/A,Rp 143.900,7 rb Terjual
Indomie,promo 1 dus indomie  isi 40 pcs Makanan Pedas Instan Food Goreng Noodles Ramen,N/A,Rp 120.000,100+ Terjual
Indomie,INDOMIE GORENG INSTAN 15 PCS,N/A,Rp 55.000,750+ Terjual
Indomie,indomie kari ayam,N/A,Rp 3.550,500+ Terjual
Indomie,Indomie Goreng Rebus All Varian,N/A,Rp 3.995,10 rb Terjual
Indomie,[BUNDLE] 10Pcs INDOMIE Aneka Rasa 1pcs Mie Instant indomie,N/A,Rp 44.745,250+ Terjual
Indomie,Indomie Goreng 5pcs,N/A,Rp 20.000,100+ Terjual
Indomie,Indomie Mix Campur 13 Rasa 1 Dus isi 40 Pcs Mie Instan rebus goreng,N/A,Rp 161.000,2 rb Terjual
Indomie,Indomie Mie Instan Bisa Mix 1 Dus isi 40,N/A,Rp 150.000,5 rb Terjual
Indomie,10 pcs indomie goreng kemasan 85gr,N/A,Rp 33.000,14 Terjual
Indomie,Indomie Kari Ayam 1 Karton,N/A,Rp 117.500,9 Terjual
Indomie,"Indomie Goreng 1 Karton Isi 40 Bungkus promo murah enak - Makanan Ringan - Noodles, Food mie instan murah promo",N/A,Rp 151.000,4 rb Terjual
Indomie,INDOMIE GORENG AYAMBAWANG SOTO RENDANG DLL 1dus,N/A,Rp 144.000,1 rb Terjual
Indomie,Mie Instant Indomie Goreng / Soto / Ayam Bawang / Kari per dus (40 pcs) Instan Kuah Makanan Food Noodles,Rp 146.000,Rp 151.000,7 rb Terjual
Indomie,Indomie Kaldu Ayam Termurah di Tiktok,N/A,Rp 112.000,90+ Terjual
Indomie,All Varian Indomie Goreng,Rp 4.157,Rp 4.199,4 rb Terjual
Indomie,INDOMIE MIE INSTANT MIE GORENG RASA RENDANG/KRIUK/AYAM BAWANG/SOTO MEDAN/KALDU AYAM/AYAM POP,N/A,Rp 19.490,60+ Terjual
Indomie,Mie indomie ayam bawang 1 dus / isi 40 pcs,N/A,Rp 127.500,12 Terjual
Indomie,indomie 1dus mix 40 pcs Noodles,N/A,Rp 154.900,250+ Terjual
Indomie,"Indomie Kuah Promo - Makanan Mie Instan - Food, Noodles",N/A,Rp 57.566,16 Terjual
Indomie,mie instan indomie goreng 85 gr Noodles,N/A,Rp 109.000,N/A
Indomie,INDOMIE MIE AYAM BAWANG KARTON,N/A,Rp 136.530,16 Terjual
Indomie,10 PCS - Indomie Goreng Spesial 85 Gr,N/A,Rp 44.700,5 rb Terjual
Indomie,"Indomie Goreng, Soto, Ayam Bawang, &Kari",N/A,Rp 112.500,13 Terjual
Indomie,indomie goreng,N/A,Rp 120.000,50+ Terjual
Indomie,(10 PCS/5 PCS) Indomie Mi Instant All Varian PAKET HEMAT Noodle Food,N/A,Rp 22.500,10 rb Terjual
Indomie,LEBJH HEMAT MIX 10 PCS INDOMIE INSTAN 4 PCS INDOMIE GORENG + 3 INDOMIE SOTO + 3 INDOMIE AYAM BAWANG Food Noodles Goreng Makanan Pedas Ayam Kuah Kari indomie 011,Rp 38.900,Rp 39.900,1 rb Terjual
Indomie,INDOMIE GORENG 1 DUS ISI 40PCS,N/A,Rp 85.000,80+ Terjual
Indomie,Indomie Mix 4 macam bawang/soto/kari & goreng 1 dus & 1/2 dus,N/A,Rp 139.900,1 rb Terjual
Indomie,[DUS] Indomie Goreng / Kari Ayam Spesial / Ayam Bawang / Soto Mie / Kaldu Ayam / Rendang / Aceh / Geprek / Seblak Jeletot,N/A,Rp 143.000,3 rb Terjual
Indomie,Indomie Mi Instan Rasa Kari Ayam - 40Pax,N/A,Rp 117.000,50+ Terjual
Indomie,INDOMIE MIE GORENG SPECIAL KARTON,N/A,Rp 136.530,100+ Terjual
Indomie,Indomie goreng spesial 10 pcs,N/A,Rp 55.000,7 Terjual
Indomie,indomie goreng karton isi @40 pcs,N/A,Rp 139.999,100+ Terjual
Indomie,indomie goreng 1 dus 40 pcs PT INdofood,N/A,Rp 140.500,2 rb Terjual
Indomie,5 PCS - Indomie Goreng Spesial Jumbo 129 Gr,N/A,Rp 26.550,10 rb Terjual
Indomie,1 Dus (40 Bungkus) Indomie Goreng Original 80g - Mie Goreng Favorit Masyarakat Indonesia,N/A,Rp 126.000,18 Terjual
Indomie,Indomie Mie Goreng Mi Instan Rasa Gorengan Lezat & Praktis untuk Makanan Sehari-hari MD1002,N/A,Rp 116.000,3 Terjual
Indomie,CTN - Indomie Kuah Soto Mie 70 Gr,N/A,Rp 162.400,3 rb Terjual
Indomie,Indomie Goreng Jumbo,N/A,Rp 6.900,500+ Terjual
Indomie,"Bundling Gula random, 4 pcs mie indomie goreng & 4 pcs Indomie Kari ayam",N/A,Rp 55.999,5 rb Terjual
Indomie,INDOMIE Mie Instan Goreng/Kuaht Semua Variannya - Mie Instan Favorit untuk Camilan Sehari-hari atau Makanan Cepat Saji,N/A,Rp 3.700,500+ Terjual
Indomie,Indomie Mi Instan Rasa Ayam Bawang 1 Dus 40 Pcs KHUSUS PENGIRIMAN INSTANT,N/A,Rp 117.000,100+ Terjual
Indomie,CTN - Indomie Kuah Ayam Bawang 69 Gr,Rp 159.200,Rp 162.400,3 rb Terjual
Indomie,5 PCS - Indomie Kuah Soto Mie 70 Gr,Rp 19.900,Rp 20.300,10 rb Terjual
Indomie,20 PCS - Indomie Goreng Spesial 80 Gr,N/A,Rp 85.400,1 rb Terjual
Indomie,INDOMIE GORENG JUMBO 1 DUS,N/A,Rp 111.000,30+ Terjual
Indomie,10 Pcs Indomie Bundle Soup - Kari Ayam 72 Gr & Soto Spesial 75 Gr.,N/A,Rp 41.650,500+ Terjual
Indomie,"Promo - Indomie Campur Rasa / Goreng, Soto, Ayam, Bawang, Kari ayam",N/A,Rp 80.000,100+ Terjual
Indomie,Indomie Goreng Promo Murah,N/A,Rp 69.999,N/A
Indomie,5 PCS - Indomie Goreng Rendang 91 Gr,N/A,Rp 21.350,1 rb Terjual
Indomie,INDOMIE KARDUS/KARTON ISI 40 SEMUA RASA,N/A,Rp 151.850,100+ Terjual
Indomie,Indomie Goreng 1dus isi 40 pcs,N/A,Rp 126.888,50+ Terjual
Indomie,PROMO BELI 20 PCS INDOMIE MIE GORENG 80gr,N/A,Rp 81.100,100+ Terjual
Indomie,Indomie per bungkusnya,N/A,Rp 4.000,1 rb Terjual
Indomie,INDOMIE KUAH/GORENG BUNDLING 10 PCS BOLEH DICAMPUR,N/A,Rp 45.000,30+ Terjual
Indomie,Indomie Goreng Spesial 1 Dus / Karton isi 40 Pcs Mie Instan,Rp 132.000,Rp 141.000,2 rb Terjual
Indomie,Indomie Ayam Bawang Mie Instan [69gr /40 pcs/ Dus],N/A,Rp 135.100,2 rb Terjual
Indomie,Indomie Goreng,N/A,Rp 133.930,60+ Terjual
Indomie,bundle Indomie goreng 6 Pcs + Indomie Kari 6 Pcs,N/A,Rp 54.000,100+ Terjual
Indomie,Indomie Soto Mie 70g Isi 10pcs Instan,N/A,Rp 32.000,N/A
Indomie,INDOMIE Ayam Bawang  32.250 ( dpt 10 pieces) Instan Food Soto Kuah,N/A,Rp 32.250,30+ Terjual
Indomie,indomie goreng 10 ( dapat 10 bungkus) Food Noodles Pedas Ayam,N/A,Rp 37.400,40+ Terjual
Indomie,Indomie Goreng 1 Dus 40 Bungkus,N/A,Rp 134.100,250+ Terjual
Indomie,indomie per dus mie instan,N/A,Rp 147.000,100+ Terjual
Indomie,"indomie 1 dus all varian , indomie soto medan , kari ayam , kaldu ayam , ayam bawang  Ayam Kuah",N/A,Rp 120.500,100+ Terjual
Indomie,INDOMIE MI INSTAN GORENG RASA RENDANG PACK 10 BUNGKUS X 91GR,N/A,Rp 42.750,60+ Terjual
Indomie,"Indomie Mi Goreng  1 Karton Isi 40pcs, Makanan Ringan",N/A,Rp 145.000,17 Terjual
Indomie,Indomie Varian Rasa 1dus Isi 40,N/A,Rp 145.000,30+ Terjual
Indomie,Indomie rasa pedas goreng 10 bungkus,N/A,Rp 40.700,28 Terjual
Indomie,promo beli 20 pcs Indomie soto 70gr,N/A,Rp 78.500,40+ Terjual
Indomie,[10bks] Indomie mi goreng kriuk (kriuuk.. 8x gram) pedas,N/A,Rp 43.900,80+ Terjual
Indomie,10 pcs indomie kuah / goreng all varian Food,N/A,Rp 38.000,3 rb Terjual
Indomie,INDOMIE GORENG SPESIAL 80G / KARTON (ISI 40PCS),N/A,Rp 140.000,60+ Terjual
Indomie,5 PCS - Indomie Goreng Spesial 80 Gr,N/A,Rp 21.350,10 rb Terjual
Indomie,"Indomie Goreng Mie Instan isi 40 - Makanan Ringan - Noodles, Food Bawang Ayam Soto",N/A,Rp 135.000,20 Terjual
Indomie,Indomie Goreng Spesial Harga Kartonan,N/A,Rp 140.000,500+ Terjual
Indomie,Mie Instant Indomie Rasa Ayam Bawang - Dus,N/A,Rp 138.000,750+ Terjual
Indomie,indomie rasa ayam bawang 1dus (40pcs),N/A,Rp 130.500,40+ Terjual
Indomie,Indomie Mie Instan Seleraku Aneka Rasa Kari Ayam Soto Goreng Rak Sayur,N/A,Rp 3.600,750+ Terjual
Indomie,indomie soto,N/A,Rp 135.000,80+ Terjual
Indomie,INDOMIE GORENG BIASA INSTAN,N/A,Rp 4.025,250+ Terjual
Indomie,Indomie Jumbo Goreng Ayam Panggang 128 G,N/A,Rp 4.480,1 rb Terjual
Indomie,indomie goreng 1dus,N/A,Rp 130.000,4 Terjual
Indomie,Indomie goreng ciri khas palembang (cabe bubuk),N/A,Rp 142.300,1 rb Terjual
Indomie,MIE INSTAN INDOMIE GORENG SPESIAL KARTON (1 DUS ISI 40PCS),N/A,Rp 67.500,4 Terjual
Indomie,5 pcs - Indomie Ayam Bawang Mie Instan [69 g],N/A,Rp 19.300,5 rb Terjual
Indomie,Indomie Ayam Bawang - 1 karton,N/A,Rp 139.908,500+ Terjual
Indomie,Indomie Mi Instan / Mi goreng per 5pcsx80gr,N/A,Rp 22.500,250+ Terjual
Indomie,10 Pcs - Indomie Goreng Spesial Food Bawang kuah,N/A,Rp 34.500,6 Terjual
Indomie,"Indomie 1 Dus Isi 40 Pcs  – Mi instan terenak favorit semua orang! Varian rasa lengkap: Goreng, Rendang, Soto, Kari Ayam, dll. Halal MUI , BPOM resmi . Praktis, lezat, cocok untuk stok rumah & jualan grosir. Pesan sekarang sebelum kehabisan! Noodles Food",Rp 147.000,Rp 150.000,1 rb Terjual
Indomie,INDOMIE MIE GORENG SPESIAL 1DUS 40pcs,N/A,Rp 143.990,4 rb Terjual
Indomie,INDOMIE 1 DUS ISI 40 BUNGKUS / SEMUA RASA,N/A,Rp 147.750,500+ Terjual
Indomie,Indomie Instan Rasa Mie Goreng (Isi 5Bks),N/A,Rp 17.250,3 Terjual
Indomie,indomie goreng 10 pcs,N/A,Rp 45.000,50+ Terjual
Indomie,Indomie Murah Mie Goreng Soto Kari Ayam Bawang Geprek Rendang Aceh Instan 1 Kardus,Rp 147.899,Rp 157.499,2 rb Terjual
Indomie,Promo Bundling 10 Pcs Indomie Kuah Rasa Empal Gentong Murah Food Noodles,Rp 39.899,Rp 39.999,3 rb Terjual
Indomie,Indomie Campur 5 Varian Rasa (satu dus isi 40 bungkus),N/A,Rp 147.500,1 rb Terjual
Indomie,Mie Instant Indomie Goreng - Dus,N/A,Rp 148.000,250+ Terjual
Indomie,INDOMIE SOUPRISE BOX 1 DUS ISI 40PCS,N/A,Rp 90.000,100+ Terjual
Indomie,INDOMIE CAKALANG GORENG / KARTON (ISI 40 PCS),N/A,Rp 160.000,30+ Terjual
Indomie,Indomie 1 dus all varian 40 pcs,N/A,Rp 154.900,250+ Terjual
Indomie,10 pcs INDOMIE Goreng Mie Instant / Mi Instan INDOMIE 80 gr,N/A,Rp 40.900,2 Terjual
Indomie,INDOMIE KALDU AYAM 75 GR ISI 40 pcs,N/A,Rp 123.207,60+ Terjual
Indomie,INDOMIE GORENG 1 Karton / 40 PCS,N/A,Rp 160.000,19 Terjual
Indomie,INDOMIE MI INSTAN RASA KALDU AYAM PACK 10 BUNGKUS X 75GR,N/A,Rp 38.250,100+ Terjual
Indomie,Indomie rasa kari ayam || PER BOX,N/A,Rp 115.000,16 Terjual
Indomie,Indomie Goreng - Kari - Soto - Ayam Bawang / dus (40 pcs),N/A,Rp 186.000,3 Terjual
Indomie,Indomie Mie Goreng Isi 5 Pcs Mie Instant Goreng 90gr,N/A,Rp 21.505,250+ Terjual
Indomie,Indomie Soto Ayam Harga Kartonan,N/A,Rp 134.000,100+ Terjual
Indomie,Indomie Mi Instan Goreng Rasa Sambal Rica-Rica - 40Pax,N/A,Rp 112.000,9 Terjual
Indomie,Indomie 1 dus Goreng/ Kari ayam/Rendang/Soto ayam Khusus Untuk Lampung ( TIDAK TERIMA COD),N/A,Rp 152.999,70+ Terjual
Indomie,indomie kaldu ayam per 1 dus,N/A,Rp 130.500,4 Terjual
Indomie,Indomie Kuah Kari Ayam Paket 10pcs,N/A,Rp 34.000,7 Terjual
Indomie,Indomie goreng 4 Pcs + Indomie Kari 4 pcs,N/A,Rp 36.000,70+ Terjual
Indomie,indomie soto 1 dus isi 40 pcs KHUSUS PENGIRIMAN INSTANT,N/A,Rp 117.000,100+ Terjual
Indomie,indomie mix 1 dus campur goreng ayambawang soto rendang,N/A,Rp 144.000,250+ Terjual
Indomie,Indomie Ayam Bawang - Mie Instan Perkarton,N/A,Rp 133.000,30+ Terjual
Indomie,INDOMIE GORENG SPECIAL Mie Intsant Rasa Goreng Original Indomie Goreng 85 gram 1 Dus Isi 40pcs,N/A,Rp 138.000,30+ Terjual
Indomie,10 Pcs- Indomie Goreng Mie Instan Halal (85 gram x 10),N/A,Rp 39.000,1 rb Terjual
Indomie,Indomie goreng isi 40pcs Makanan,N/A,Rp 123.000,1 Terjual
Indomie,Indomie Mi Instan Rasa Ayam Bawang 1 Dus Isi 40 Pcs Kuah Ayam Bawang Toko Jaya Laksana,N/A,Rp 125.000,5 Terjual
Indomie,5 PCS - Indomie Japanese Miso Ramen 86 Gr,N/A,Rp 37.250,5 rb Terjual
Indomie,5 pcs - Indomie Goreng Mie Instan [80 g],N/A,Rp 20.050,4 rb Terjual
Indomie,Indomie goreng isi 10pcs. Makanan Noodles Instan,N/A,Rp 45.000,N/A
Indomie,PSS INDOMIE MIE GORENG SPECIAL | Mie Instan Favorit Legendaris,Rp 158.310,Rp 175.900,3 Terjual
Indomie,INDOMIE MIE KARI AYAM 72 GR KARTON - Hypermart,N/A,Rp 136.840,19 Terjual
Indomie,Mie Instant Indomie Goreng 80 gram isi 10 pcs,N/A,Rp 45.800,4 Terjual
Indomie,paket 10 pcs Indomie Goreng Rasa Iga Penyet Murah Asli indofood Halal,Rp 39.899,Rp 39.999,750+ Terjual
Indomie,Indomie goreng rendang 1 dus | 1 kardus | 40 pcs,N/A,Rp 114.000,10 Terjual
Indomie,Indomie Goreng Jumbo Ayam Panggang Dan Goreng 1 dus isi 24,N/A,Rp 115.000,13 Terjual
Indomie,Indomie Paket 4pcs,N/A,Rp 12.000,250+ Terjual
Indomie,Indomie Goreng Rendang 91 Gram,N/A,Rp 125.000,N/A
Indomie,Mie Indomie all varian 1 dus 40 pcs,N/A,Rp 133.850,2 Terjual
Indomie,Indomie Goreng - 1 Dus Isi 40 pcs,N/A,Rp 139.900,250+ Terjual
Indomie,INDOMIE AYAM BAWANG PAKET ISI 10 PCS,N/A,Rp 34.500,40+ Terjual
Indomie,"Indomie Mie Instan Paket Hemat - 5 BKS, Indomie Kaldu, Indomie Soto, Indomie Ayam Special, Indomie Kari Ayam, Indomie goreng Rendang, Indomie Goreng Putih, Indomie Goreng Ayam Geprek",N/A,Rp 22.500,250+ Terjual
Indomie,INDOMIE MIE SOTO MIE KARTON,N/A,Rp 136.530,3 Terjual
Indomie,Indomie Kari / Indomie Goreng / Indomie Soto 5pc,N/A,Rp 19.000,100+ Terjual
Indomie,"INDOMIE Goreng/Soto/Coto Makassar/Ayam Bawang/Kaldu Ayam isi 40pcs/dus, PROMO TERMURAH..",N/A,Rp 115.000,14 Terjual
Indomie,indomie goreng special mie instan kardus (40 pcs),N/A,Rp 136.000,70+ Terjual
Indomie,Indomie Kuah Rasa Soto Mie 1 dus,N/A,Rp 138.500,500+ Terjual
Indomie,Indomie Goreng per karton isi 40 bks,N/A,Rp 153.000,2 Terjual
Indomie,INDOMIE GORENG 1 DUS ORIGINAL,N/A,Rp 150.000,3 Terjual
Indomie,INDOMIE JUMBO GORENG SPECIAL 126 GR,N/A,Rp 4.480,250+ Terjual
Indomie,indomie kare ayam per karton isi 40bks,N/A,Rp 142.000,60+ Terjual
Indomie,indomie 1 dus 40 pcs,N/A,Rp 142.000,30+ Terjual
Indomie,INDOMIE GORENG 1 Dus Karton isi 40 pcs,N/A,Rp 137.900,250+ Terjual
Indomie,INDOMIE GORENG 1 DUS 40 PCS,N/A,Rp 148.900,15 Terjual
Indomie,Mie Instan Indomie Ayam Bawang 1Dus Isi 40 Pcs Dengan Harga Terjangkau,N/A,Rp 125.000,7 Terjual
Indomie,[DUS isi 40] INDOMIE goreng All varian semua rasa karton isi 40 indomie aceh ayam geprek rendang,N/A,Rp 135.500,4 Terjual
Indomie,indomie rasa 10 pcs,N/A,Rp 43.000,10 Terjual
Indomie,indomie goreng special,N/A,Rp 165.000,70+ Terjual
Indomie,indomie cabe ijo 1 karton,N/A,Rp 151.000,100+ Terjual
Indomie,Indomie Goreng Ayam Bawang Soto Kari Rendang Seblak 1 Paket Isi 5 Pcs,N/A,Rp 18.000,100+ Terjual
Indomie,indomie goreng jumbo 129g isi 24,N/A,Rp 99.000,100+ Terjual
Indomie,Isi 16 Pcs Mie Goreng Instant Indomie,N/A,Rp 57.600,1 Terjual
Indomie,Indomie Rasa Kari Ayam Bawang Diproses Secara Higienis,N/A,Rp 86.100,N/A
Indomie,indomie ayam special 1 dus 40 pcs,N/A,Rp 144.000,100+ Terjual
Indomie,10 BUNGKUS INDOMIE KUAH 10 BUNGKUS Indomi Kuah,N/A,Rp 45.905,3 rb Terjual
Indomie,indomie paket 10,N/A,Rp 39.999,100+ Terjual
Indomie,Indomie Mi Goreng Instan - 1 Dus Isi 40 Pcs8 - Makanan Ringan Praktis dan Lezat,N/A,Rp 145.000,25 Terjual
Indomie,Mie instant Indomie goreng,N/A,Rp 152.000,250+ Terjual
Indomie,INDOMIE GORENG SPECIAL 85gr 1 DUS ISI 40 pcs MURAH,N/A,Rp 119.500,8 Terjual
Indomie,5 PCS - Indomie Kuah Kari Ayam 72 Gr,Rp 20.900,Rp 21.350,10 rb Terjual
Indomie,Bundle 4pcs Indomie Kari Ayam + 4pcs Indomie Mie Goreng,N/A,Rp 34.000,16 Terjual
Indomie,Indomie Mie Instant Goreng Spesial 85 Gram [10 Pack],N/A,Rp 38.999,50+ Terjual
Indomie,5 PCS - Indomie Kuah Ayam Bawang 69 Gr,Rp 19.900,Rp 20.300,10 rb Terjual
Indomie,Indomie Mie Goreng Instant Original 1 dus isi 40 | Indomi Mi Instan,Rp 142.890,Rp 142.990,2 rb Terjual
Indomie,Indomie Mie Ayam Bawang Instant 1 dus isi 40 | Indomi Kuah Instan Rasa,N/A,Rp 137.990,750+ Terjual
Indomie,Indomie goreng 1 dus isi 40,N/A,Rp 125.000,7 Terjual
Indomie,Mie instan paket Bundling Hemat indomie goreng 2 Indomie kari ayam 3,N/A,Rp 18.000,30+ Terjual
Indomie,indomie goreng 1dus (kemasan 1 dus isi 40pcs),N/A,Rp 145.000,13 Terjual
Indomie,10pcs indomie ayam bawang 69gram selalu ready stock,N/A,Rp 37.500,40+ Terjual
Indomie,Indomie 1 dus murah mie instan indomie,N/A,Rp 120.000,17 Terjual
Indomie,indomie goreng atau indomie kari mie instan 12 bungkus,N/A,Rp 48.200,21 Terjual
Indomie,Indomie Goreng 85 gr 40 pcs,N/A,Rp 142.500,50+ Terjual
Indomie,Indomie Mi Goreng Mi Instan 1 Karton Isi 40 pcs Stok Hemat & Rasa Legendaris Enak Praktis Gurih Mantap Favorit,Rp 154.000,Rp 200.200,17 Terjual
Indomie,Mie Instan Indomie rasa soto ayam,N/A,Rp 20.250.000,N/A
Indomie,indomie goreng 1 dus 40 pcs,N/A,Rp 145.000,60+ Terjual
Indomie,Indomie Goreng 1 Dus isi 40,N/A,Rp 140.500,250+ Terjual
Indomie,(1 Dus) Indomie Instan Goreng,Rp 148.399,Rp 149.999,40+ Terjual
Indomie,INDOMIE KALDU AYAM 75GR ISI 40PCS,N/A,Rp 123.207,40+ Terjual
Indomie,Makanan Merek Indomie Mie Instan Mie Goreng mie  instan  1  dus  promo indomie so to koya,N/A,Rp 138.999,7 Terjual
Indomie,FRESH ID - INDOMIE rasa sotomie / ayam bawang / kari / goreng / goreng rendang / ayam gepreK / ayam special ( 1 DUS ),Rp 145.000,Rp 180.000,250+ Terjual
Indomie,Indomie Goreng 84gr per Dus - mie goreng spesial sp gss,N/A,Rp 155.500,50+ Terjual
Indomie,Indomie Soto - 10 pcs,N/A,Rp 44.008,100+ Terjual
Indomie,BSSQY-Indomie All Varian Kuah Atau Goreng Tidak Bisa Mix Rasa (MUDAH HANCUR) Noodles,N/A,Rp 154.500,10 rb Terjual
Indomie,Indomie Mi Instan Goreng 40 PCS - 1 Dus - Makanan Instan Praktis dan Lezat untuk Segala Kesempatan,N/A,Rp 141.999,1 rb Terjual
Indomie,INDOMIE GORENG 1 DUS,N/A,Rp 151.850,28 Terjual
Indomie,Paket Indomie Goreng + Indomie Kuah,N/A,Rp 120.000,90+ Terjual
Indomie,Indomie Goreng 1 dus (40pcs),N/A,Rp 142.900,60+ Terjual
Indomie,INDOMIE mie Goreng 1 Dus Boleh Mix rasa Indomie Goreng Indomie Rendang Indomie Aceh Indomie Ayam Geprek kuah,N/A,Rp 132.000,30+ Terjual
Indomie,INDOMIE GORENG | 10 pcs 85gram | Indomie Seleraku | Mie Instan Goreng andalan Indonesia Food Noodles,N/A,Rp 43.500,100+ Terjual
Indomie,indomie ayam bawang 10 pcs paket,N/A,Rp 37.999,500+ Terjual
Indomie,PROMO TERMURAH..!! INDOMIE GORENG 1 DUS ISI 40 PCS,N/A,Rp 130.500,40+ Terjual
Indomie,INDOMIE GORENG 85GR PAKET 5 PCS,N/A,Rp 17.000,750+ Terjual
Indomie,Indomie Ayam Bawang isi 5 Pcs Mie Instant Kuah 69 gr,N/A,Rp 20.205,250+ Terjual
Indomie,Indomie Goreng - Mie Instan Paket 5 Pcs,N/A,Rp 19.800,750+ Terjual
Indomie,INDOMIE GORENG 1 DUS 40PCS Food Noodles,N/A,Rp 126.000,5 Terjual
Indomie,Indomie ALL VARIAN DUS DUS AN Ayam Bawang,N/A,Rp 141.777,750+ Terjual
Indomie,Indomie 1 Dus All Varian Rasa Goreng Rebus 40 Pcs Ayam Bawang,N/A,Rp 135.000,8 Terjual
Indomie,Indomie Mi Goreng Instan 1 Dus 40 Pcs (MIX = REQUEST) Varian Lengkap untuk Kenyamanan Makan Anda All Mie noodles,Rp 151.900,Rp 155.000,22 Terjual
Indomie,Paket Indomie Goreng + Indomie Kuah 8 pcs,N/A,Rp 48.500,100+ Terjual
Indomie,Indomie Mie goreng instan isi 10bungkus,N/A,Rp 38.000,2 Terjual
Indomie,Indomie Kuah Mie Instant 1 dus 40pcs,N/A,Rp 128.000,7 Terjual
Indomie,1 Dus isi 40Pcs Indomie Goreng Spesial,N/A,Rp 135.000,N/A
Indomie,Indomie Kari Ayam,N/A,Rp 145.000,70+ Terjual
Indomie,LEBIH HEMAT 10 PCS INDOMIE (5 PCS INDOMIE GORENG + 5 PCS INDOMIE SOTO / AYAM BAWANG) Food Noodles Pedas Makanan Instan Kuah Kari indomie 011,Rp 38.900,Rp 39.900,1 rb Terjual
Indomie,(1 KARDUS/40pcs) Mie Indomie Soto / Goreng,N/A,Rp 141.000,500+ Terjual
Indomie,Indomie goreng spesial per dus isi 40 bungkus indomie goreng yang sudah terkenal dengan kelezatannya,N/A,Rp 145.500,12 Terjual
Indomie,Paket 10 Pcs Indomie Kuah/Goreng all varian,N/A,Rp 33.500,17 Terjual
Indomie,indomie kari ayam 1 dus 40 pcs,N/A,Rp 132.000,4 Terjual
Indomie,CTN 40S - MIE INDOMIE GORENG ORIGINAL ISI 40 PCS / MI GORENG ORI INDOMI,N/A,Rp 157.000,100+ Terjual
Indomie,Indomie goreng 1 kardus isi 40 pcs,N/A,Rp 129.500,4 Terjual
Indomie,Promo Mie Indomie Goreng Dan Kuah All Varian Isi 40 Pcs Per Dus,N/A,Rp 184.100,1 Terjual
Indomie,indomie ayam bawang 1 dus,N/A,Rp 131.900,70+ Terjual
Indomie,indomie goreng 1dus isi 40pcs Noodles Food,N/A,Rp 145.000,17 Terjual
Indomie,Indomie Mix 4 Rasa Kemasan Karton Isi 40pcs,N/A,Rp 149.800,3 Terjual
Indomie,Indomie Ayam Bawang Harga Kartonan,N/A,Rp 134.000,100+ Terjual
Indomie,Indomie 1 dus - Indomie 40pcs - Mie instan - Indomie Goreng - Indomie Rebus Instant,N/A,Rp 149.300,60+ Terjual
Indomie,Indomie goreng 1 dus  isi 40 pcs murah berkualitas,N/A,Rp 150.000,2 Terjual
Indomie,"INDOMIE GORENG/SOTO/COTO MAKASSAR/AYAM BAWANG/KALDU isi 40 pcs perdus/karton, tersedia In",N/A,Rp 117.000,5 Terjual
Indomie,Indomie Mie Soto 1 Dus 70g/40 pcs,N/A,Rp 214.956,N/A
Indomie,1 Dus Indomie Mie Instan isi 40 pcs All Varian,N/A,Rp 149.500,40+ Terjual
Indomie,Indomie Goreng 1 Dus 40 Pcs - Karton + extra buble wrap,Rp 147.000,Rp 153.000,500+ Terjual
Indomie,"Indomie Goreng Instan Asli 1 Dus Isi 40 Pcs - Mie Instan Enak dan Lezat - Noodles, Food",N/A,Rp 132.000,N/A
Indomie,"Indomie goreng,Soto,A bawang,Kari bisa di mix 1dus isi 40 pc [READY]",N/A,Rp 143.000,250+ Terjual
Indomie,INDOMIE 1 DUS ISI 40 PCS indomie goreng dan soto,N/A,Rp 135.000,30+ Terjual
Indomie,[MEI] Indomie Soto 1 Dus - Mie Instan Indomie Soto Mie,N/A,Rp 258.000,12 Terjual
Indomie,Indomie rasa pedas goreng karton,N/A,Rp 151.000,60+ Terjual
Indomie,Indomie Goreng Malang Grosir,N/A,Rp 145.000,100+ Terjual
Indomie,Indomie Goreng Mie Instan Dus 40 pcs x 85 gram noodles mi indomi,N/A,Rp 139.500,250+ Terjual
Indomie,(KM) Indomie Mie Instant Karton Isi 40 Pcs,Rp 153.399,Rp 200.000,2 rb Terjual
Indomie,indomie soto 1dus isi 40pcs Food,N/A,Rp 125.999,N/A
Indomie,Indomie Mie Instan Goreng / Kuah / Indomie 5 Pcs,N/A,Rp 23.600,1 rb Terjual
Indomie,"Indomie Goreng - Makanan Ringan Berupa Mi Goreng - Food, Noodles Instan",N/A,Rp 125.000,26 Terjual
Indomie,Indomie Mie Goreng 1 Dus isi 40Pcs @85gr,N/A,Rp 160.000,500+ Terjual
Indomie,Mie Instan Indomie Sedap Intermie WOW Spageti 1 dus,Rp 148.900,Rp 149.000,4 rb Terjual
Indomie,Mie Instant Indomie Rendang - Dus,N/A,Rp 145.000,50+ Terjual
Indomie,Indomie Kuah 1 Dus isi 40 pcs,N/A,Rp 138.500,30+ Terjual
Indomie,(KM) Indomie Mie Instant Varian 1 Karton Isi 40 x 4 Dus,Rp 577.899,Rp 800.000,100+ Terjual
Indomie,INDOMIE GORENG 85 GR MIE INSTANT INDOMIE MIE GORENG INSTANT 10 PCS,N/A,Rp 46.710,30+ Terjual
Indomie,1 DUS INDOMIE GORENG 1 DUS Isi 40 Bungkus Indomi Goreng,N/A,Rp 161.008,500+ Terjual
Indomie,"1 DUS INDOMIE MIE INSTAN ISI 40 PCS Ada 4 VARIAN : KARI AYAM,SOTO MIE,AYAM BAWANG,MIE GORENG",N/A,Rp 121.000,5 Terjual
Indomie,Indomie Goreng 1 Dus / Karton Isi 40 Pcs Mie Instan,N/A,Rp 148.800,50+ Terjual
Indomie,indomie rasa soto 10 pcs,N/A,Rp 40.000,4 Terjual
Indomie,Indomie mie goreng kriuk (mi kriuuk 8x) kartonan isi 40bks,N/A,Rp 148.081,6 Terjual
Indomie,indomie paket 30,N/A,Rp 119.999,250+ Terjual
Indomie,1 kardus Indomie goreng isi 40 pcs,N/A,Rp 149.860,2 Terjual
Indomie,INDOMIE GORENG 1 dus  isi 40 pcs,N/A,Rp 125.500,3 Terjual
Indomie,Bahan kue sinsin,N/A,Rp 7.560,3 Terjual
Indomie,Indomie Kari Ayam 1 Dus 40 bungkus,N/A,Rp 150.000,11 Terjual
Indomie,indomie goreng dus isi 40,N/A,Rp 158.000,70+ Terjual
Indomie,indomie kari ayam 1 dus,N/A,Rp 142.990,250+ Terjual
Indomie,indomie goreng sekarton 85gr isi 40 pcs,N/A,Rp 143.000,100+ Terjual
Indomie,1 Dus - Indomie isi 40 Bungkus Mi Goreng & Karie Ayam Bawang Soto Pilihan Campur Bahan Berkualitas,N/A,Rp 149.900,1 rb Terjual
Indomie,Indomie Goreng 5 Pcs | 10 PCS | 1  KARTON /  indomie goreng  original / mie indomie instant original 85 gr,N/A,Rp 22.500,70+ Terjual
Indomie,"(10pcs) INDOMIE GORENG ORIGINAL, MIE INSTAN INDOMIE",N/A,Rp 35.500,2 Terjual
Indomie,Indomie Goreng 1 dus (isi 40 pcs),N/A,Rp 144.000,100+ Terjual
Indomie,REG indomie ayam bawang 1 dus 40 pcs,N/A,Rp 144.500,70+ Terjual
Indomie,Indomie Ayam Bawang 1 Dus Karton isi 40 pcs Mie Instant Kuah 69 gr,N/A,Rp 142.500,250+ Terjual
Indomie,[40Pcs / 1 Karton] Indomie Goreng Mie Instan 85gr - Semarang,N/A,Rp 220.000,100+ Terjual
Indomie,INDOMIE 1 DUS (ISI 40PCS),N/A,Rp 146.000,1 rb Terjual
Indomie,Indomie Goreng / Rebus 1 dus isi 40 pcs,N/A,Rp 143.999,1 rb Terjual
Indomie,(KM) Indomie Goreng 1 Karton x 2,Rp 299.099,Rp 364.800,100+ Terjual
Indomie,PROMO TERMURAH..!! INDOMIE KUAH AYAM BAWANG 1 DUS ISI 40 PCS,N/A,Rp 130.500,70+ Terjual
Indomie,indomie ayam bawang 1 dus 40 pcs,N/A,Rp 144.500,500+ Terjual
Indomie,Indomie Ayam Bawang 1 dus 40 pcs,N/A,Rp 136.888,750+ Terjual
Indomie,indomie goreng dus isi 40 pcs,N/A,Rp 129.000,1 Terjual
Indomie,1 dus indomie goreng Mie Instan All Varian ( Dus/Karton ) isi 40pcs Ayam Bawang Noodles Food,N/A,Rp 147.500,60+ Terjual
Indomie,INDOMIE GORENG ( KARTON ),N/A,Rp 150.000,90+ Terjual
Indomie,Indomie mi Goreng 85 gram 1dus isi 40 bks  Instan Noodles,N/A,Rp 155.000,15 Terjual
Indomie,Indomie goreng 1 karton/dus,N/A,Rp 146.008,500+ Terjual
Indomie,Indomie soto 1 dos 40 bks,N/A,Rp 128.000,6 Terjual
Indomie,indomie partai dusdan pembelian besar,N/A,Rp 800.000,4 Terjual
Indomie,Indomie Goreng - Mie Instan Per Karton / 1 Dus Mi Goreng Isi 40 Pcs,N/A,Rp 140.500,50+ Terjual
Indomie,Indomie Soto (1 dus 40 pcs) [GOJEK/ GRAB ONLY],N/A,Rp 145.000,90+ Terjual
Indomie,Indomie Jumbo Goreng Special 126 Gr - 1 Dus / Karton 24 PCS,N/A,Rp 108.000,50+ Terjual
Indomie,"Mi Instan Mi Goreng Indomie 40 Pcs 1 Dus Bawang Goreng Lebih Banyak dan Saus Cabe Lengkap - Kari, Soto",N/A,Rp 150.900,100+ Terjual
Indomie,Indomie Goreng Special 1 Dus / Karton - 40 pcs,N/A,Rp 140.500,50+ Terjual
Indomie,"Indomie Mi Instan Goreng Pedas 1 Karton Isi 40 Pcs Mie Instan Pedas Rasa Goreng - Food, Noodles",N/A,Rp 147.000,500+ Terjual
Indomie,Indomie Mie Instant Ayam Bawang PCK 69 gr 1 Ctn isi 40 pck Mie Instan Lezat Cocok untuk Cemilan atau Makanan Cepat,N/A,Rp 126.499,2 Terjual
Indomie,Mie Goreng Indomie Goreng Per Dus (1 dus isi 40),N/A,Rp 146.000,70+ Terjual
Indomie,Indomie Mie Goreng 1 Dus Isi 40 Pcs,Rp 152.000,Rp 158.000,2 Terjual
Indomie,Indomie Mie Goreng Instant 1 Dus Karton isi 40 Pcs Mie Goreng 90gr,N/A,Rp 147.600,750+ Terjual
Indomie,INDOMIE goreng isi 40 pcs 1 dus,N/A,Rp 128.000,3 Terjual
Indomie,(KM) Indomie Goreng 1 Karton x 10,N/A,Rp 2.000.000,14 Terjual
Indomie,1 Dus / Karton (isi 40 Pcs) Indomie Goreng Spesial Mie Instan,Rp 139.000,Rp 141.000,100+ Terjual
Indomie,Indomie Kuah 1 Dus,N/A,Rp 135.000,50+ Terjual
Indomie,indomie goreng isi 40pcs per karton,N/A,Rp 135.000,10 Terjual
Indomie,INDOMIE AYAM BAWANG SOTO GORENG  - 1 DUS @40PCS POP MIE 1 DUS @24PCS,N/A,Rp 250.000,25 Terjual
Indomie,Indomie Goreng Mie Instan [1 dus/40 pcs],N/A,Rp 145.000,750+ Terjual
Indomie,INDOMIE MIE INSTANT 1 DUS (40PCS) Food Noodles - (Tersedia packing tambahan opsional),N/A,Rp 146.000,2 rb Terjual
Indomie,Indomie 1 DUS / INDOMIE GORENG / INDOMIE AYAM BAWANG / INDOMIE SOTO / INDOMIE KARI AYAM / INDOMIE GORENG,N/A,Rp 150.000,1 Terjual
Indomie,Indomie Kuah Soto Mie 1 Dus / karton 40 Pcs,N/A,Rp 131.800,50+ Terjual
Indomie,indomie goreng 1 karton 40 pcs,N/A,Rp 145.000,27 Terjual
Indomie,TOEKOE Indomie Goreng 1 Dus Karton [Isi 40 Bungkus] / Mie Instan,N/A,Rp 147.099,1 rb Terjual
Indomie,Indomie Kari Ayam Mie Instan Dus isi 40 pcs x 72 gram noodles mi indomi,N/A,Rp 139.500,70+ Terjual
Indomie,ZOLUCKY 1DUS INDOMIE KUAH/GORENG (TIDAK BISA CAMPUR RASA) ISI 40PCS,N/A,Rp 153.500,1 rb Terjual
Indomie,Indomie Goreng 1 Dus Isi 40 pcs,N/A,Rp 149.500,6 Terjual
Indomie,indomie kari ayam 1 dus (isi 40 pcs),N/A,Rp 144.000,60+ Terjual
Indomie,INDOMIE MIE GORENG 1 DUS isi 40pcs,N/A,Rp 149.000,70+ Terjual
Indomie,"[1 Dus isi 40pcs] Indomie Goreng/Kuah/Sedap Goreng/Sedap Kuah - Mie Instan Praktis dan Mudah Disimpan - Food, Noodles",N/A,Rp 148.943,500+ Terjual
Indomie,Indomie Mie Instan Indomie Goreng 85g Kemasan 1 Dos Isi 40 Pcs,Rp 152.190,Rp 160.000,500+ Terjual
Indomie,Indomie Kuah Rasa Soto Mie Dus,N/A,Rp 152.000,70+ Terjual
Indomie,Indomie Goreng Mie Instan 1Dus isi 40 Pcs,N/A,Rp 149.500,23 Terjual
Indomie,INDOMIE GORENG 1DUS/40PCS PROMO MURAH,N/A,Rp 145.000,3 Terjual
Indomie,Indomie Goreng Spesial 1Dus Isi 40pcs,N/A,Rp 143.900,250+ Terjual
Indomie,1 Dus - Indomie kuah rasa ayam spesial isi 40 bks,N/A,Rp 140.000,2 Terjual
Indomie,Indomie Kari Ayam dus isi 40pcs,N/A,Rp 143.300,100+ Terjual
Indomie,"Indomie Soto Koya Pedas Dower 1 Karton - Makanan Instan - Food, Noodles",N/A,Rp 143.000,50+ Terjual
Indomie,PROMO !! INDOMIE SOTO 1 DUS ISI 40 PCS,N/A,Rp 150.600,27 Terjual
Indomie,indomie rasa soto 1 dus 40 bungkus,N/A,Rp 148.500,30+ Terjual
Indomie,Indomie Mie Goreng Spesial 1 Dus Isi 40 pcs|Indomie Goreng 1 Karton,N/A,Rp 164.000,20 Terjual
Indomie,PROMO !! INDOMIE GORENG 1 DUS ISI 40 PCS,N/A,Rp 155.600,20 Terjual
Indomie,indomie kuah rasa ayam spesial 1 dus / isi 40pcs,N/A,Rp 145.000,2 Terjual
Indomie,Sedaap Mie Instan Goreng Isi 5 Bag 90g x2,Rp 37.200,Rp 49.100,10 rb Terjual
Indomie,Sedaap Mie Instan Goreng Ala Chef Bag 93gr x10,Rp 38.100,Rp 49.800,2 rb Terjual
Indomie,indomie+mengenyangkan+instan+mudah maka,N/A,Rp 800.080.800,N/A
Indomie,Intermi Goreng 1 dus isi 40 pcs,N/A,Rp 60.000,100+ Terjual
Indomie,Mie Goreng 1 Dus Mi Instan Enak dan Praktis,N/A,Rp 120.000,250+ Terjual
Indomie,DUS indomie goreng isi 40,N/A,Rp 133.000,100+ Terjual
Indomie,MIX INTERMIE 20 PCS PAKET MIE INSTAN GORENG PEDAS & ORIGINAL INDOFOOD INTERMI,N/A,Rp 40.000,250+ Terjual
Indomie,(1 DUS) SEDAAP MIE INSTAN ALL VARIAN ISI 40 PCS,Rp 130.600,Rp 130.700,4 rb Terjual
Indomie,10 Bungkus Mie Sedaap Goreng 90gr - Instan Food Mie Murah - Mie Goreng - Noodles,N/A,Rp 40.500,12 Terjual
Indomie,(20 PCS) MIE INTERMIE DAN EKOMIE GORENG ORI PEDAS MIX Food Noodles,N/A,Rp 40.000,100 rb Terjual
Indomie,MIE INSTAN SEDAP MIE SEDAAP KUAH/GORENG 1 Dus bisa mix Food Noodles,N/A,Rp 139.200,6 rb Terjual
Indomie,Emas ANTAM Logam Mulia Certicard - 5 gr,N/A,Rp 14.767.000,8 rb Terjual
Indomie,Logam Mulia Antam 10 Gram Sertifikat Press,N/A,Rp 29.024.000,2 rb Terjual
Indomie,Indomie Kari Ayam Harga Kartonan,N/A,Rp 140.000,100+ Terjual
Indomie,12pcs Indomie Mi Instan Goreng 84 g,N/A,Rp 44.500,N/A
Indomie,ekomie40pcs mie goreng instan harga ekonomis rasa mantab Food Noodles,Rp 62.399,Rp 80.000,100+ Terjual
Indomie,1 Dus (40 pcs) Indomie Goreng Spesial Noodles Food,N/A,Rp 155.000,100+ Terjual
Indomie,Indomie Mi Goreng Isi 40 Pcs/1 Dus - Makanan Instan Praktis & Lezat,N/A,Rp 145.000,250+ Terjual
Indomie,INDOMIE MI GORENG 10PC INSTAN TERMURAH,N/A,Rp 55.000,90+ Terjual
Indomie,Indomie Mi Goreng Jumbo Ayam Panggang Ramen Rak Sayur Padang,N/A,Rp 4.600,250+ Terjual
Indomie,10 Pcs - Indomie Kuah Soto Mie,N/A,Rp 43.000,50+ Terjual
Indomie,5 BUNGKUS INDOMIE GORENG 5 BUNGKUS Indomi Goreng,Rp 27.459,Rp 28.308,2 rb Terjual
Indomie,(beli lokal)indomie goreng 1 dus 40 pcs,N/A,Rp 147.000,50+ Terjual
Indomie,10 pcs mie instan goreng indomie,N/A,Rp 65.200,N/A
Indomie,5pcs Indomie Goreng (paket hemat),N/A,Rp 20.500,500+ Terjual
Indomie,indomie Jumbo All Variant 1 Dus isi 24pcs Noodles,N/A,Rp 109.500,100+ Terjual
Indomie,Indomie Goreng Murah dapat 10 bungkus Food Noodles,N/A,Rp 36.500,100+ Terjual
Indomie,indomie ayam bawang Alami,N/A,Rp 109.500,11 Terjual
Indomie,Indomie Mie Instan 1 Dus isi 40pcs Varian Rasa,N/A,Rp 134.800,1 Terjual
Indomie,Indomie Goreng Jumbo / Rasa Ayam Panggang Mie Instant Goreng 1 Dus,N/A,Rp 111.500,500+ Terjual
Indomie,10 PCS - Indomie Hypeabis Mi Nyemek Banglahdes'e Rasa Kari 80gr,N/A,Rp 42.700,10 rb Terjual
Indomie,Indomine Goreng Spesial Saus 85 gr Grosir Mi Instan Indomie Goreng,N/A,Rp 12.600,6 Terjual
Indomie,10 Pcs - Indomie Mi Goreng Mie Instan,N/A,Rp 36.000,3 Terjual
Indomie,Indomie bawang 1 dus isi 40 bungkus PT Indofood,N/A,Rp 134.500,750+ Terjual
Indomie,Indomie Mie Goreng 1 Dus Mi Instan BPOM RI,N/A,Rp 155.000,60+ Terjual
Indomie,1 Dus Isi 40 pcs - Indomie kuah soto mie,N/A,Rp 125.000,N/A
Indomie,INDOMIE GORENG SPECIAL BARU 5X85GR /PCS,N/A,Rp 20.000,250+ Terjual
Indomie,Indomie GORENG 1 DUS Isi 40 Mie Instant Spesial,N/A,Rp 143.850,8 Terjual
Indomie,Indomie Mie Instan / Indomie Goreng / Indomie Kuah / Indomie Soto / Indomie Ayam Bawang / Indomie Kari Ayam,Rp 4.499,Rp 4.500,6 rb Terjual
Indomie,(ISI 5pcs) INDOMIE GORENG / KUAH SEMUA RASA (BISA MIX VARIAN),N/A,Rp 20.400,30+ Terjual
Indomie,indomi rendang 1kartok isi 40 picis Food Goreng,N/A,Rp 115.000,30+ Terjual
Indomie,indomie mie instant rasa ayam bawang,N/A,Rp 140.000,24 Terjual
Indomie,[BPP] INDOMIE GORENG 1DOS ISI 40/MI SEDAAP/ MI AYAM BAWANG,Rp 150.000,Rp 250.000,18 Terjual
Indomie,Indomie Kari Ayam 72gr,N/A,Rp 3.400,100+ Terjual
Indomie,all variant indomie goreng/kuah 1karton 40pcs/semarang jateng Goreng Makanan Instan Food Noodles Mie,N/A,Rp 149.000,80+ Terjual
Indomie,Indomie Mi Goreng 1 Karton 40 Pcs - Mie Instan Goreng Praktis untuk Sarapan atau Camilan,N/A,Rp 148.000,8 Terjual
Indomie,Indomie Kuah Bundle Rasa Ayam Bawang + Soto Banjar isi 10 Pcs,N/A,Rp 41.650,750+ Terjual
Indomie,Indomie Kuah Ayam Bawang 1 Dus / Karton isi 40 Pcs Mie Instan,Rp 125.000,Rp 137.000,1 rb Terjual
Indomie,Mie Instant Indomie Goreng 1 DUS,N/A,Rp 139.700,100+ Terjual
Indomie,1 dus (40 bungkus) Indomie goreng rasa cabe ijo,N/A,Rp 134.000,18 Terjual
Indomie,5 PCS - Indomie Goreng Ayam Panggang Jumbo 127 Gr,Rp 26.000,Rp 26.550,8 rb Terjual
Indomie,Indomie 40 Pcs 1 Karton Mie Instan Ayam Bawang Favorit Praktis Mudah untuk Kebutuhan Sehari-hari,N/A,Rp 138.500,N/A
Indomie,PSS INDOMIE MIE KUAH AYAM BAWANG | Mie Instan Kuah Gurih Favorit,Rp 155.160,Rp 172.400,N/A
Indomie,INDOMIE SOTO 1 DUS ISI 40PCS TERMURAH,N/A,Rp 68.500,100+ Terjual
Indomie,Indomie Ayam Bawang Mie Instant Kuah 1 Dus / Karton 40 Bungkus 69 Gram,N/A,Rp 139.972,30+ Terjual
Indomie,INDOMIE SOTO 1 DUS ISI 40 PCS,N/A,Rp 143.600,70+ Terjual
Indomie,INDOMIE MI GORENG SPESIAL PER DUS 40 PCS,N/A,Rp 140.000,750+ Terjual
Indomie,indomie goreng spesial ( per dus),N/A,Rp 145.500,15 Terjual
Indomie,Indomie Kaldu Ayam 75 Gr,N/A,Rp 3.410,100+ Terjual
Indomie,INDOMIE AYAM BAWANG 1 DUS ISI 40,N/A,Rp 145.000,100+ Terjual
Indomie,1 Dus Indomie Goreng Special Food Noodles Instan Makanan | isi 40pcs,N/A,Rp 125.000,N/A
Indomie,INDOMIE ALL VARIAN (1 DUS ISI 40) BISA MIX RASA / INDOMIE / MIE INSTANT,N/A,Rp 147.000,17 Terjual
Indomie,Indomie Instan Goreng Dan Kuah All Variant Ayam Bawang Soto Kari Food Organik BPOM Kuah Mie Limau Noodles Sakura Iga Pedas Jagung,N/A,Rp 5.950,8 rb Terjual
Indomie,CTN - Indomie Goreng Rendang 91 Gr,N/A,Rp 167.200,1 rb Terjual
Indomie,KedaiMart Indomie Soto 1 Karton,Rp 146.300,Rp 191.000,1 rb Terjual
Indomie,indomie soto / dus (isi 40 pcs) Noodles Instan,N/A,Rp 139.950,40+ Terjual
Indomie,Indomie Kriuk Pedas 8x,N/A,Rp 145.000,25 Terjual
Indomie,Indomie Soto Mie Instan Dus isi 40 pcs x 70 gram noodles mi indomi,N/A,Rp 139.500,250+ Terjual
Indomie,INDOMIE SOTO MIE 1 DUS ISI 40 PCS,N/A,Rp 137.500,250+ Terjual
Indomie,10 pcs - Indomie Goreng Cabe Ijo Halal Asli Distributor,N/A,Rp 39.999,250+ Terjual
Indomie,20 PCS -Indomie Goreng Rendang 91 Gr,N/A,Rp 85.400,40+ Terjual
Indomie,Indomie Soto,N/A,Rp 3.200,5 Terjual
Indomie,INDOMIE GORENG INSTAN 1 DUS ISI 40 PCS,N/A,Rp 145.000,60+ Terjual
Indomie,10 PCS MIE INSTAN INDOMIE BERBAGAI RASA Food Noodles Makanan Ramen Pedas Goreng,N/A,Rp 37.500,2 rb Terjual
Indomie,INDOMIE GORENG 1Dus atau 40Pcs Murah Surabaya,N/A,Rp 144.800,26 Terjual
Indomie,indomie goreng 5 pcs,N/A,Rp 17.500,9 Terjual
Indomie,INDOMIE MI INSTAN JUMBO GORENG PACK 10 BUNGKUS X 129GR,N/A,Rp 51.750,500+ Terjual
Indomie,"Paket Hemat Indomie Goreng 10 Bungkus - Food, Noodles",N/A,Rp 41.200,250+ Terjual
Indomie,4 PCS - Indomie Kuah Soto Mie 70 Gr,N/A,Rp 17.080,3 rb Terjual
Indomie,Indomie Goreng 10 pcs,N/A,Rp 60.000,100+ Terjual
Indomie,Indomie Goreng 1dus isi 40pcs Ready Go Send,N/A,Rp 144.500,1 rb Terjual
Indomie,[New Arrival Day] 5 pcs - Indomie Goreng Spesial 80 Gr,N/A,Rp 22.040,250+ Terjual
Indomie,Indomie Goreng Jumbo Harga Kartonan,N/A,Rp 108.000,250+ Terjual
Indomie,Indomie goreng instan 85 gr dus isi 40,N/A,Rp 145.000,10 rb Terjual
Indomie,INDOMIE INSTAN 1DUS (40BKS) Makanan,N/A,Rp 145.000,12 Terjual
Indomie,[BUNDLE] 10Pcs INDOMIE Goreng 10 pcs,N/A,Rp 44.797,750+ Terjual
Indomie,Indomie goreng - 10 pcs,N/A,Rp 45.808,250+ Terjual
Indomie,Indomie Goreng Spesial [40 x 85 Gr] Noodles Instan Food,N/A,Rp 144.900,1 rb Terjual
Indomie,Indomie Goreng 80gr,N/A,Rp 4.000,250+ Terjual
Indomie,Indomi Noodles Mie Makanan Food Pedas Goreng isi (40)pcs bisa mix,N/A,Rp 120.000,1 Terjual
Indomie,10 BUNGKUS INDOMIE GORENG 10 BUNGKUS Indomi Goreng,N/A,Rp 47.108,3 rb Terjual
Indomie,INDOMIE MIE KARI AYAM 72 GR KARTON,N/A,Rp 136.840,30+ Terjual
Indomie,Indomie Mie Instant Ayam Bawang 1 Karton,Rp 146.200,Rp 193.000,6 rb Terjual
Indomie,(ISI 10pcs) INDOMIE GORENG / KUAH SEMUA RASA (BISA MIX VARIAN),N/A,Rp 37.800,24 Terjual
Indomie,Harga indomie instant perdus isi 40bks mix soto dan goreng,N/A,Rp 146.000,30+ Terjual
Indomie,indomie goreng kriuk 1 dus,N/A,Rp 130.000,N/A
Indomie,Indomie Goreng Dus isi 40 pcs murah / Instant Noodles / Mie Instan,N/A,Rp 150.000,750+ Terjual
Indomie,INDOMIE ALL VARIANT GORENG KUAH AYAM BAWANG RENDANG SOTO CABE IJO KALDU AYAM KARI RICA RAMEN,N/A,Rp 5.200,250+ Terjual
Indomie,1 DUS INDOMIE MIE GORENG PLUS SPECIAL PCK 80g,N/A,Rp 165.000,24 Terjual
Indomie,indomie kari ayam karton isi @40 pcs,N/A,Rp 142.999,16 Terjual
Indomie,CTN - Indomie Soto Banjar Limau Kuit 75 Gr,Rp 167.200,Rp 170.800,500+ Terjual
Indomie,10 PCS - Indomie Hypeabis Mi Nyemek Jogja Rasa Rendang 84gr - SKU LAMA,N/A,Rp 42.700,2 rb Terjual
Indomie,INDOMIE SOTO SPECIAL 75 GR,N/A,Rp 3.432,250+ Terjual
Indomie,INDOMIE MIE KUAH KALDU AYAM 75 GR,N/A,Rp 3.000,90+ Terjual
Indomie,INDOMIE Mie Goreng & Kuah (isi 10pcs) Noodles Food Instan Bawang Kari Ayam Geprek Soto Pedas,N/A,Rp 43.700,1 rb Terjual
Indomie,Indomie Goreng - Mie Instan Goreng Rasa Lezat & Praktis untuk Camilan Sehari-hari,N/A,Rp 112.000,N/A
Indomie,mie instan Indomie goreng,N/A,Rp 118.000,50+ Terjual
Indomie,5 PCS - Indomie Goreng Rendang Jumbo 120 Gr,N/A,Rp 26.550,4 rb Terjual
Indomie,indomie kari ayam 1 dus 40 bungkus PT INDOFOOD,N/A,Rp 141.500,500+ Terjual
Indomie,Paket Bundling Indomie Soto isi 10pcs,Rp 41.990,Rp 44.200,2 rb Terjual
Indomie,Indomie Soto Mie (isi 40 bks/dus),N/A,Rp 138.000,90+ Terjual
Indomie,[New Arrival Day] Indomie Kuah Soto Mie 5 In 1 - 80gr,N/A,Rp 20.060,7 rb Terjual
Indomie,5 Pcs - Indomie Goreng,N/A,Rp 18.000,2 rb Terjual
Indomie,Indomie Ayam Bawang 69 Gr,N/A,Rp 3.200,500+ Terjual
Indomie,INDOMIE MIE GORENG SPECIAL 86 GR,N/A,Rp 3.520,500+ Terjual
Indomie,"Indomie Goreng, Rendang, Aceh, Geprek - 40 Pcs [1 Dus] Makanan Instan mie",N/A,Rp 157.500,750+ Terjual
Indomie,Indomie Rasa Rendang Termurah di Tiktok,N/A,Rp 125.000,24 Terjual
Indomie,INDOMIE MI INSTAN RASA KARI AYAM PACK 10 BUNGKUS X 72GR,N/A,Rp 42.750,250+ Terjual
Indomie,INDOMIE PAKET ISI 10 BUNGKUS,N/A,Rp 40.000,1 Terjual
Indomie,10 PCS - Indomie Goreng Sambal Rica-Rica 85 Gr,Rp 41.800,Rp 42.700,2 rb Terjual
Indomie,[Per Dus] indomie goreng soto ayam bawang isi 40,N/A,Rp 154.500,30+ Terjual
Indomie,INDOMIE Goreng Special kemasan 1 dos isi 40 pcs,N/A,Rp 149.900,60+ Terjual
Indomie,[BUNDLE] 10Pcs INDOMIE 10pcs Bundle All Variant,N/A,Rp 44.797,100+ Terjual
Indomie,INDOMIE MIE INSTANT AYAM BAWANG PCK 69g,N/A,Rp 3.500,250+ Terjual
Indomie,Paket Indomie (Indomie Goreng 5Pcs + Indomie Kaldu Ayam 5Pcs),N/A,Rp 49.400,250+ Terjual
Indomie,Indomie goreng - Indomie Soto - Indomie kari - Indomie Ayam bawang - Indomie Rendang,N/A,Rp 118.000,1 Terjual
Indomie,Indomie Goreng 1 Karton / 40pcs Instan Makanan,N/A,Rp 273.900,6 rb Terjual
Indomie,Indomie Mi Instan Rasa Ayam Bawang 1 Dus Isi 40 Halal Lengkap Dengan Minyak Bawang,N/A,Rp 120.000,40+ Terjual
Indomie,Mie Instan Indomie Goreng 5 pcs,N/A,Rp 18.000,90+ Terjual
Indomie,Indomie Rasa Soto 10pcs packing dus,N/A,Rp 40.000,N/A
Indomie,4 PCS - Indomie Goreng Spesial 85 Gr,N/A,Rp 17.880,5 rb Terjual
Indomie,1 Karton Indomie Goreng isi 40 Bungkus Mie Instan Noodles Food,Rp 158.399,Rp 159.999,1 rb Terjual
Indomie,INDOMIE GORENG 1 DUS / KHUSUS GRAB-GOJEK,N/A,Rp 144.000,250+ Terjual
Indomie,indomie goreng jumbo 1 dus,N/A,Rp 120.000,N/A
Indomie,Indomie Goreng - Indomie Tanpa Kuah | Per 5 BKS [ Harga Per PAKET ],N/A,Rp 22.000,6 Terjual
